"relative_path","bytes","last_write_time_utc","sha256"
"archive/run_patent_results/README.md","409","2026-07-22T03:00:02.8250815Z","78160DB39329E1A8CD5530854F1D85C4473753D5EC8E3213611104941D20AE0A"
"archive/run_patent_results/Result_0409_1319_Photo_a0.1_lr0.001/Result_0409_1319_Photo_a0.1_lr0.001_curve.png","110276","2026-04-09T05:19:15.0717555Z","84AC18BA23790C544677D2ABC2E8C50D3DE0AC9383D75591DD688663FE7873B1"
"archive/run_patent_results/Result_0409_1319_Photo_a0.1_lr0.001/Result_0409_1319_Photo_a0.1_lr0.001_loss.npy","448","2026-04-09T05:19:14.8040616Z","8E433616DACEDE86F816C545433DBFA05E3EC167E0D13A7685BFBB535F4E94C8"
"archive/run_patent_results/Result_0409_1319_Photo_a0.1_lr0.001/Result_0409_1319_Photo_a0.1_lr0.001_report.txt","1317","2026-04-09T05:19:15.0787616Z","C0BBE7E76E77E564DFC4BADB7703FD8C36B8FBA227A237D72623837474F1025E"
"archive/run_patent_results/Result_0409_1320_Photo_a0.1_lr0.001/Result_0409_1320_Photo_a0.1_lr0.001_best_model.pth","26474153","2026-04-09T05:23:51.5994814Z","365C5F221CED7BE26685D2CC1AE2515BC2D14669690888BE78E0F46DBC46338A"
"archive/run_patent_results/Result_0409_1320_Photo_a0.1_lr0.001/Result_0409_1320_Photo_a0.1_lr0.001_curve.png","125558","2026-04-09T05:23:51.8704548Z","22094FFB6CED74877F1AA738B8BCA16FA1990BA9C35E22061A19E027E4281EA0"
"archive/run_patent_results/Result_0409_1320_Photo_a0.1_lr0.001/Result_0409_1320_Photo_a0.1_lr0.001_report.txt","254","2026-04-09T05:23:51.8784537Z","1D472E822ABB7AE1906E25BBFB77113ADB98A61B870F9797D6D688369B001359"
"data/amazon/hard_token_image_pca","2389155","2026-04-09T08:52:53.3383717Z","D9FA5131FF3BCB558F67075521962DE5ECDFAEEF83D626BC1E93387564752234"
"data/amazon/hard_token_image_pca_v2_fb21838b38331b6f.pkl","2389646","2026-07-29T04:23:29.9975981Z","9668ADC42536F90178F9F656986C872C41219182748D54EC65F97980DC8317D7"
"data/amazon/hard_token_text_pca","2389155","2026-04-09T08:52:53.3403841Z","20C4E75F4CEB27D093FEE2B2427423F4B98809BFB92CF87D7FFFC15E118B01B7"
"data/amazon/hard_token_text_pca_v2_16eec07d3f702d09.pkl","2389644","2026-07-29T04:23:30.4137633Z","3AC513C0458341259C55D1CAE91A6B47D9E1CC3FB83CCA716B7E78D560048E73"
"data/amazon/image_feat.npy","114671744","2026-04-08T02:52:46.2561942Z","AB54D59F908DBF07DE95BDADFBFCC4B8484680FF417E12E40D3DD83937C140AE"
"data/amazon/test_mat","642092","2026-04-08T02:52:46.1413259Z","C279CE551D32536ED90D916212BC0B891CE4C189EA7CFA5E4051E0DBFC728D17"
"data/amazon/text_feat.npy","114671744","2026-04-08T02:52:46.3079093Z","AB54D59F908DBF07DE95BDADFBFCC4B8484680FF417E12E40D3DD83937C140AE"
"data/amazon/train_mat","1927826","2026-04-08T02:52:46.1277808Z","535CC15F915858A64249E3A893CCEAC9EFE8E6F1CE17C08879A3C099C510B309"
"data/amazon/val_mat","645036","2026-04-08T02:52:46.1338519Z","90CD52A011F9B31081461A010E9BCCB98D12A1DD7A7760085FACBC7D1A2C46C3"
"data/yelp/image_feat.npy","135291008","2026-04-08T08:06:15.0692611Z","C38F16114199F3C509C840ECF92644A06379426E1C2F4BAD1CE2F76C0A0E407A"
"data/yelp/test_mat","887372","2026-04-08T08:06:14.8679112Z","3007DE4F5955223BF7752F59CADB3B069D92ACB879987E7EEE286F252772A564"
"data/yelp/text_feat.npy","135291008","2026-04-08T08:06:15.1369145Z","C38F16114199F3C509C840ECF92644A06379426E1C2F4BAD1CE2F76C0A0E407A"
"data/yelp/train_mat","2666322","2026-04-08T08:06:14.8525536Z","2306F5B9DE8F3DD3342744D937A45B04ABD22EDE422304A549FB324E12E5F6BD"
"data/yelp/val_mat","888060","2026-04-08T08:06:14.8605613Z","33AAF3BD27BD25D7D3E8223700FBD2D5400FEEC217C9CE09C87785460BCB355B"
"exp/converge/amazon/auto__2026-04-11 00_29_36_amazon_light_init_pid22964.pkl","17476","2026-04-10T19:57:27.8027155Z","8C15568EE0CBE2F2326BBABE65EF466696CBCC54FC3196C7C626CD74950B33AE"
"exp/converge/amazon/auto__2026-04-11 11_59_06_amazon_light_init_pid26300.pkl","17476","2026-04-11T06:09:29.8103327Z","2565CEBF58BE6942DFC92327EF0CBA4835304DFFBA870CDA864F37B656BA473C"
"exp/converge/amazon/auto__2026-04-11 15_38_13_amazon_light_init_pid19316.pkl","17476","2026-04-11T10:05:05.7039844Z","477D1BCC7D0B310DDE1F851F80E888975FA4C760A1D7DBE128CC067A0A9C09A5"
"exp/converge/amazon/auto__2026-04-11 18_23_07_amazon_light_init_pid21740.pkl","17476","2026-04-11T11:06:21.9588454Z","9A3D78AD63A0A8851AE8463CDFC9BFF9E374D1E76EB90D04B9CE031FE4C786DF"
"exp/converge/amazon/auto__2026-04-11 19_06_47_amazon_light_init_pid22012.pkl","17476","2026-04-11T11:49:54.0014784Z","57351508ECBD0AB1D142BB68B25D99F1D24DB1A36DD4362A37FE2E5A0FCC4290"
"exp/converge/amazon/auto__2026-04-11 19_50_25_amazon_light_init_pid21780.pkl","17476","2026-04-11T14:24:54.8301993Z","45392DDC70F7BC59490132130CC0EBEACE614C8FE55E8CB7E50B5CC15ED852CC"
"exp/converge/amazon/auto__2026-04-11 22_56_26_amazon_light_init_pid2384.pkl","17476","2026-04-11T17:19:52.8699289Z","40256BC5A98108392DACF8D2A73D0D6B2380F057A63813A38F5707BF936F5F60"
"exp/converge/amazon/auto__2026-04-12 12_16_10_amazon_light_init_pid21848.pkl","38518","2026-04-12T05:50:02.7611135Z","57BCA1D3604F2909BDABC1E2D3CB006B0EF9E816746AAC78574EF229F66E822A"
"exp/converge/amazon/auto__2026-04-12 15_16_41_amazon_light_init_pid26012.pkl","38621","2026-04-12T08:55:52.7487776Z","EC031FBB2C93A1AFAFFB85ADD4A8B73B81421284E0301120ABB8248BB53BD32C"
"exp/converge/amazon/auto__2026-04-12 17_00_13_amazon_light_init_pid18928.pkl","27600","2026-04-12T10:13:35.3059926Z","9DFA4B0AADCE485BF10B0DC7AA61523D59CCAB61065656BE3BE0E8C874560ACB"
"exp/converge/amazon/auto__2026-04-12 19_03_46_amazon_light_init_pid6348.pkl","37797","2026-04-12T12:35:04.4836432Z","958FDC1CE9E61E075B9097628FDDB19E619CA1F3CA8A2FDB2828101DE9A8C62B"
"exp/converge/amazon/auto__2026-04-12 22_05_54_amazon_light_init_pid19636.pkl","36767","2026-04-12T15:38:04.8126146Z","4A00408FB4A301B7A14D125B9D776F2BA4B6F955A90EBCBE3073E0611FEC75A1"
"exp/converge/amazon/auto__2026-04-13 00_02_36_amazon_light_init_pid30912.pkl","4013","2026-04-12T16:17:50.6397913Z","BAE46A90010B7C8AD570F10B9EA1BF390B24D79CEE2B604E84AA3EBA4FB38A6E"
"exp/converge/amazon/auto__2026-04-13 00_58_16_amazon_light_init_pid25648.pkl","24922","2026-04-12T18:01:51.9387880Z","A56FF5095214ACA410C86E6AF5C873E018691F58F66498C7AB917117A9A96780"
"exp/converge/amazon/auto__2026-04-13 09_58_53_amazon_light_init_pid27712.pkl","4843","2026-04-13T02:07:26.4805154Z","DDB0799CF38F7FEA6EF29348C9F4796C0EE2D1DA2950A32A9CC5638A7406FF85"
"exp/converge/amazon/auto__2026-04-13 10_50_20_amazon_light_init_pid18884.pkl","30975","2026-04-13T04:18:10.0713806Z","02485A58EE790D7C262F34BF4548343D303EF12CA511C4172FF86E75DB44E82B"
"exp/converge/amazon/auto__2026-04-13 12_43_21_amazon_light_init_pid12236.pkl","30975","2026-04-13T05:50:42.0620631Z","DEA9199DC72D6BA570D8F716C2599D4E0DE837E2115E6F5A7B14F75B98C59A19"
"exp/converge/amazon/auto__2026-04-13 14_02_40_amazon_light_init_pid18536.pkl","39176","2026-04-13T07:33:59.6041619Z","61292A950FACBB4BBA4557B1B5146B523F2703242A7F16956681676F0276DB75"
"exp/converge/amazon/auto__2026-04-13 17_25_32_amazon_light_init_pid5896.pkl","43485","2026-04-13T10:45:05.4833105Z","A44CC3EBE611B5BA47815D52393344E641ED59DE0A12460F0025DA466EB78663"
"exp/converge/amazon/auto__2026-04-13 20_34_17_amazon_light_init_pid33060.pkl","662","2026-04-13T12:34:41.3620722Z","FEF84254278EB4AA4AA0F5507FDEC6D6459C3674DF523D74C7C37D10A27BC850"
"exp/converge/amazon/auto__2026-04-13 20_38_40_amazon_light_init_pid32828.pkl","51408","2026-04-13T14:07:58.3459502Z","A7D48203E4574C977E57F1A4DCBAC7AB910504DF3B575E4B5D7E637AC1855E85"
"exp/converge/amazon/auto__2026-04-13 22_40_15_amazon_light_init_pid14760.pkl","33060","2026-04-13T15:41:14.3522123Z","1D60480DDD0EAED7322CE2CD3F3DD8E088577D95DF29A074083499ED4812E94E"
"exp/converge/amazon/auto__2026-04-13 23_55_04_amazon_light_init_pid12888.pkl","37925","2026-04-13T17:06:03.8067393Z","35736A1EBD8F2EE8FE542C100997E3E27F5CFE212F35A619356DFCEECFAFB298"
"exp/converge/amazon/auto__2026-04-14 01_07_46_amazon_light_init_pid22532.pkl","32504","2026-04-13T18:06:15.0398306Z","0ECE105C93B7737C33FCD88C5FDC81B5EF36E438B7CFB08132D85937BAC446E0"
"exp/converge/amazon/auto__2026-04-14 20_26_27_amazon_light_init_pid31404.pkl","52242","2026-04-14T14:31:36.1040119Z","6112A371A08DDE51777722CC86ACEF8910846C3EBF61EE882CBED3A1E0450410"
"exp/converge/amazon/auto__2026-04-14 22_44_59_amazon_light_init_pid32448.pkl","6789","2026-04-14T15:05:57.0027705Z","6ECDBED7F72D743F27B1FC97DE432A353E18086417DEE3C565B6442642BBA5B4"
"exp/converge/amazon/auto__2026-04-15 08_07_08_amazon_light_init_pid15472.pkl","6789","2026-04-15T00:26:42.7150777Z","1C988DBF2CE52B4B8F284CE52512D7FD7ECA121F1BBC57292183B512B45DE32C"
"exp/converge/amazon/auto__2026-04-15 08_28_43_amazon_light_init_pid1896.pkl","59748","2026-04-15T02:35:18.1224713Z","632FD78055AD9C82547E1A2CC721AE1974C53D1C5385D8C3880AD9FCBDDBB784"
"exp/converge/amazon/auto__2026-04-15 10_52_54_amazon_light_init_pid16960.pkl","59748","2026-04-15T05:00:10.7641507Z","B70A3B1ED12D01B91962AAD1C542A710DD09DF88D31B86EB4BE62294358C579F"
"exp/converge/amazon/auto__2026-04-15 13_04_04_amazon_light_init_pid29492.pkl","59748","2026-04-15T06:42:02.2607093Z","74B105E0DCDC8AA82D4CA7FD0F79BB3A1F92698909B6FE1997A80D04CC1B8214"
"exp/converge/amazon/auto__2026-04-15 15_14_13_amazon_light_init_pid22040.pkl","8457","2026-04-15T07:28:37.9992085Z","A355857467C191A23DD928D67FB66288C99F26DC402C1C85D91879F083A58044"
"exp/converge/amazon/auto__2026-04-15 16_44_18_amazon_light_init_pid18192.pkl","52659","2026-04-15T10:28:59.3747282Z","677874A16718CA03B28669B822EEDB9B858D294E70D29BC484ED2FB16FCCCFB5"
"exp/converge/amazon/auto__2026-04-15 19_43_54_amazon_light_init_pid40632.pkl","50852","2026-04-15T14:06:35.5868392Z","8DFF6C77C07CE51D7588D217980D4319DA94D256D4DF3A248AD872B83DF8C89A"
"exp/converge/amazon/auto__2026-04-15 22_13_41_amazon_light_init_pid40944.pkl","3731","2026-04-15T14:21:20.7868669Z","613204593712D89FFBD8E8E0A7B3DEAA1408970694C8B91E23AA5DD8655F86E0"
"exp/converge/amazon/auto__2026-04-15 22_36_12_amazon_light_init_pid8908.pkl","42095","2026-04-15T15:46:27.6571505Z","59E4F7B234F1C96BEC72F2569CD36D9F6EBAB691F54FB58F10795B82E9D51CD3"
"exp/converge/amazon/auto__2026-04-16 00_50_57_amazon_light_init_pid22756.pkl","3592","2026-04-15T16:56:22.7503699Z","59B05CC0A619804654B0476F7B7BF8422BC8F9B12679130ABAB63CD54C96C1E1"
"exp/converge/amazon/auto__2026-04-16 19_41_52_amazon_light_init_pid21524.pkl","3731","2026-04-16T11:50:57.9082457Z","4567A5D1DB0F1A302965D0DDDCD613669D741BA377D282E732993DC6E1CD6936"
"exp/converge/amazon/auto__2026-04-16 19_56_11_amazon_light_init_pid26212.pkl","3731","2026-04-16T12:02:38.6947688Z","B53047545F55ABEAE1B7CB8008F3A1E37182313F8C9DB0C01AEEEE8EC1D06950"
"exp/converge/amazon/auto__2026-04-16 20_27_54_amazon_light_init_pid30904.pkl","59748","2026-04-16T14:37:31.0267740Z","DC6B162FD9BE56C83C6A0148D1C177209FA481306AA79E746AB9B317CB9BD8F8"
"exp/converge/amazon/auto__2026-04-16 22_42_13_amazon_light_init_pid26048.pkl","38064","2026-04-16T15:48:44.6747831Z","5688A5073B25A5CD65E50EFA185B1C49E13AA5077E329C327DA10B34BC766D8E"
"exp/converge/amazon/auto__2026-04-16 23_59_47_amazon_light_init_pid26184.pkl","44319","2026-04-16T17:22:17.2569231Z","7CCF3C620FB45F343822582484A5C66999218222FA0F69A87A219AEBE19333DF"
"exp/converge/amazon/protocol_smoke_20260728","1597","2026-07-29T04:24:20.0291439Z","8E55BAA7B414AFFBE78E6B453325B9ECEC76FBFEE5B681506C930036C657405E"
"exp/converge/amazon/protocol_smoke_20260728__2026-07-29 12_23_28_amazon_light_init_pid15100.pkl","1597","2026-07-29T04:24:20.0291439Z","8E55BAA7B414AFFBE78E6B453325B9ECEC76FBFEE5B681506C930036C657405E"
"exp/efficiency/amazon/efficiency__2026-04-17 01_50_16_amazon_light_init_pid22636.pkl","642","2026-04-16T17:50:27.1892146Z","5D2ACCA330B907FE669CCC3F2FE928EE31C2C6FEC921882C369A6DE6F3E3EA37"
"exp/runs/amazon/dataset_preflight__2026-07-29 12_23_28_amazon_light_init_pid15100.json","2206","2026-07-29T04:23:28.8753618Z","3F1C3F5D8AC640A681B839009AE356AD5A1095AC1D42EF1E3BD6B302F90C80D9"
"exp/runs/amazon/run_manifest__2026-07-29 12_23_28_amazon_light_init_pid15100.json","20720","2026-07-29T04:24:20.0326590Z","934CC889FC5C7DF11E02A02A57706B265840A0E63EEF69871840C6563582ABD8"
"logs/2026-04-09 16_50_09_amazon_light_init","1283","2026-04-09T08:50:09.8045024Z","24A8506DAC38D0313FDD826DD1EA57ECC1956306C3969E94EAA4265357B6DB97"
"logs/2026-04-09 16_52_52_amazon_light_init","1380","2026-04-09T08:53:05.2503213Z","149CE1FC5B5DFC140E5599CD28C68AF1B52BC0FE33CE56B5B2C5F1C3B494EFCD"
"logs/2026-04-09 16_54_17_amazon_light_init","13236","2026-04-09T09:10:51.6793257Z","B19F9C23EB87ADF954E557F724BBAD8370E9A958128BCAB0F65835CF65C7799F"
"logs/2026-04-09 17_34_22_amazon_light_init","13502","2026-04-09T09:44:37.8778764Z","0E4FC141D9D6A062394EB869BE8D1865AECEE346E450DDE67C1BFE51B25FD4C3"
"logs/2026-04-09 19_12_52_amazon_light_init","13059","2026-04-09T11:22:53.6635541Z","08DE89B5E6C40A35AC9AEF40542D5D3C39A3A624D4904A66C10722AAA9EABDC2"
"logs/2026-04-09 19_26_19_amazon_light_init","11827","2026-04-09T11:35:15.0193120Z","0CD46D592B0624D205ABBE09E5AE736FE97F731BB21BF92199308058B37C7A80"
"logs/2026-04-09 19_46_08_amazon_light_init","76727","2026-04-09T13:09:58.4018635Z","873C059C99E55666D8D15DA71452909B229CDB9975EE0D5CDD3C32456AB182A4"
"logs/2026-04-09 21_33_37_amazon_light_init","2115","2026-04-09T13:34:23.1648104Z","ECFDDB49A7289F0891F7D42CAF7259E2BEBFF9DA2C11BB5D32360C2B5C0BC624"
"logs/2026-04-09 21_37_37_amazon_light_init","250393","2026-04-09T18:29:22.2034138Z","DC041A56ECF669E2C286637FCB5AB079E20D2859384CB2F419FA8F524B28F797"
"logs/2026-04-10 16_31_49_amazon_light_init","382892","2026-04-10T14:55:54.7506239Z","54B2ED79A922A335B89A97C9F9618089CEB50A3CB7757F6E0E89CB7A3CC74D94"
"logs/2026-04-11 00_27_22_amazon_light_init_pid17924","1621","2026-04-10T16:27:22.4301200Z","646BD8FA97DF6F26B59AC1CAE519A2C79C3C05AE7698EEBE30790F5834997100"
"logs/2026-04-11 00_29_36_amazon_light_init_pid22964","230992","2026-04-10T19:57:27.8027155Z","1BD481F5A74E1EB3DDF5BFECBAB12B6CB753C53FE8B693AB46FAF358B19669E9"
"logs/2026-04-11 11_54_59_amazon_light_init_pid30920","1622","2026-04-11T03:54:59.4744090Z","4A4D5EDDFA2C38096A02D3169F4C5590AC4DB28D38DA9957CB1B1424D55807B5"
"logs/2026-04-11 11_57_20_amazon_light_init_pid29808","2346","2026-04-11T03:58:39.6097665Z","3429F24A608DA4644CDBE27592FD63DFCB183C403F3836750070D5D30F0C35A1"
"logs/2026-04-11 11_59_06_amazon_light_init_pid26300","135484","2026-04-11T06:09:29.8123411Z","6E6723597C87A5BC0E8DEF31DD3C58A5737AE2F37F2EF030F807434178F02C32"
"logs/2026-04-11 15_38_13_amazon_light_init_pid19316","145736","2026-04-11T10:05:05.7049769Z","AFE1C47B2BE5820FAD8A67D2AC81AA4B9B7737278CB26AB67AEA9CDFC3440485"
"logs/2026-04-11 18_23_07_amazon_light_init_pid21740","39034","2026-04-11T11:06:34.5663978Z","B94ED8586AFF6ED3054F01221634145FEA2C6F6A741A10B428E950CD0A7D0BE6"
"logs/2026-04-11 19_06_47_amazon_light_init_pid22012","48699","2026-04-11T11:50:06.1223069Z","AAE5BD8AE063837F825F8ED7EBD8F0F72A823D4A5D2D1661D99AE1A07ED3587D"
"logs/2026-04-11 19_50_25_amazon_light_init_pid21780","165296","2026-04-11T14:24:54.8322121Z","7EDA9D406D521BE99AE9D7252190B4ECA201C399DFF44E6CEC5AA197A14A0FD3"
"logs/2026-04-11 22_56_26_amazon_light_init_pid2384","168614","2026-04-11T17:19:52.8719319Z","A61EC7BCAB5E41581ED736551AF8C5BCB9E5DD8E7F7C50429659A8704E830A71"
"logs/2026-04-12 11_06_50_amazon_light_init_pid5568","1905","2026-04-12T03:06:54.4435102Z","474C4D415A3B100F63EC8311107512C3C13C2A3031EAFCE4C135D4616BD4088B"
"logs/2026-04-12 11_14_02_amazon_light_init_pid14172","10120","2026-04-12T03:19:40.8966807Z","17B6C745DA63E4C183D6B8178EE14FA085DEDEF4E1DCD4AF3D1D87750036A040"
"logs/2026-04-12 11_57_24_amazon_light_init_pid33984","10138","2026-04-12T04:02:17.1308749Z","1717D974D8BB3FCD686046BA740A6955A3CD1C975593E08E721276C39D7E7342"
"logs/2026-04-12 12_16_10_amazon_light_init_pid21848","129748","2026-04-12T05:50:02.7631158Z","099512F0BDA4030BAAAD2673579FCADD2111ED39C8A5A2C04C166AD01B502E9F"
"logs/2026-04-12 15_16_41_amazon_light_init_pid26012","131526","2026-04-12T08:55:52.7512843Z","7BE6666670E4999903B434D6559223076A007EEE39EACB0DF9635A60CF08EBF9"
"logs/2026-04-12 17_00_13_amazon_light_init_pid18928","94078","2026-04-12T10:13:35.3099993Z","C4E0F26BF82B72D1D0E24637E49A1ED5A20C73F5F6F3DD34A2AACB01D239BE87"
"logs/2026-04-12 19_03_46_amazon_light_init_pid6348","127433","2026-04-12T12:35:04.4871556Z","E2B0FC41FB18EC120D8D2B304A7A74E51EC9EC172FE52DC2A87F453EA0214196"
"logs/2026-04-12 22_05_54_amazon_light_init_pid19636","124104","2026-04-12T15:38:04.8146165Z","9059F2F8322396F52970B3F1BD207E6D06C451768A509617B9BC15457D20455F"
"logs/2026-04-13 00_02_36_amazon_light_init_pid30912","15387","2026-04-12T16:17:50.6448145Z","F2369AA025738186BDE2CFA39FE6FB79B8A1A8F631346859F8B9A1598A0A2C1F"
"logs/2026-04-13 00_58_16_amazon_light_init_pid25648","84861","2026-04-12T18:01:51.9427945Z","7120158CE5E2F311182F28D4D00C128A08298F188C24B4EDFB97B6623B8A7D2B"
"logs/2026-04-13 09_58_53_amazon_light_init_pid27712","15980","2026-04-13T02:07:26.4825061Z","DF065F2355D57137C4B9E56C31126806ED89C5925C2FEA1E5886C4A33526EF27"
"logs/2026-04-13 10_50_20_amazon_light_init_pid18884","91869","2026-04-13T04:18:10.0747919Z","7667563E30950C7D8C6E13EC3E7205BA1410989D7A3E4AC8103586EDAC71B42F"
"logs/2026-04-13 12_43_21_amazon_light_init_pid12236","91767","2026-04-13T05:50:42.0642993Z","F5969C8D85B914D0AEBA879DD03B3BD31007B6506F949416EAF1AE8E427528D8"
"logs/2026-04-13 14_02_40_amazon_light_init_pid18536","116754","2026-04-13T07:33:59.6075446Z","88B9E82F4C8FA94449AE937AECF350BABC366DEB6B02AFC732870D4326D5C4E8"
"logs/2026-04-13 17_25_32_amazon_light_init_pid5896","128277","2026-04-13T10:45:05.4833105Z","28F953CE9AAF68A5EF8D74FD6D05F5E10C9E6454A3A1FD1AF324D873551B08FE"
"logs/2026-04-13 20_34_17_amazon_light_init_pid33060","3359","2026-04-13T12:34:49.5888280Z","0426E6E15294F8DFB6890BE05D25800B9A6C7B69985EA1E001F89BADBF030DFB"
"logs/2026-04-13 20_38_40_amazon_light_init_pid32828","151022","2026-04-13T14:07:58.3459502Z","8430CCDDD9C346C49A9BCD893756E75A63BE0CDABA2D57F30567372199FF3A7F"
"logs/2026-04-13 22_40_15_amazon_light_init_pid14760","97866","2026-04-13T15:41:14.3552280Z","DA4B142C57E3C8B1A4BA6B32BE217A6FF55ED682D3EAC699F398D759CC024833"
"logs/2026-04-13 23_55_04_amazon_light_init_pid12888","111874","2026-04-13T17:06:03.8092446Z","595C35441C1FB2C3B7D6B86AF18B319346D585E72561964DC690F8CB41E851FB"
"logs/2026-04-14 01_07_46_amazon_light_init_pid22532","96282","2026-04-13T18:06:15.0423917Z","CEB91FDB016FCE4243814014A4A2081035E1FCE19E5379ABE036C00E2F1BD89A"
"logs/2026-04-14 20_26_27_amazon_light_init_pid31404","154613","2026-04-14T14:31:36.1317982Z","0FB3ED9A07E0EE9CAC8B53812A505F2C0998CE4CF7594E2E6F728621505D6B50"
"logs/2026-04-14 22_44_59_amazon_light_init_pid32448","21631","2026-04-14T15:05:57.0281845Z","18C938E806A8B94568E252FD5576E3CB0BDE91446F587AF58CC2A022AC39F296"
"logs/2026-04-15 08_07_08_amazon_light_init_pid15472","21613","2026-04-15T00:26:42.7180988Z","4F64FC37543F8B6DC1566A0D8357011AE66EEB9CB0E46180C946AE714D78CADF"
"logs/2026-04-15 08_28_43_amazon_light_init_pid1896","174979","2026-04-15T02:35:18.1239849Z","FF3C2AD0616EF1815447C4202C316FBA6F760FF26EE44FBC06B90EBB14217E25"
"logs/2026-04-15 10_52_54_amazon_light_init_pid16960","174821","2026-04-15T05:00:10.7791586Z","856F7B56A862C50E7DE8735DAC9E629B00A9575155F415DA8A99185BCBAC38DC"
"logs/2026-04-15 13_04_04_amazon_light_init_pid29492","174612","2026-04-15T06:42:02.2632077Z","23BB72C298D0F03D9D678CCE279AB6382E2E7F2D950DB2363FA8F5FFBDBBDA47"
"logs/2026-04-15 15_14_13_amazon_light_init_pid22040","26502","2026-04-15T07:28:38.0105065Z","4226838C0AAD8059D961F51FF235F6D072CB95A0879B3DE30007E70E8484EF8E"
"logs/2026-04-15 16_44_18_amazon_light_init_pid18192","154572","2026-04-15T10:28:59.3847220Z","F1145E57DEE0DB71F839C32D097A587BE943E1C0352AA4A562CC57DFD1B33004"
"logs/2026-04-15 19_43_54_amazon_light_init_pid40632","150647","2026-04-15T14:06:35.5978394Z","34B44F63B9FF142D8ACD881C4F53E405DF5D6B8343BF9B7C084D70C3F6F9E0B9"
"logs/2026-04-15 22_13_41_amazon_light_init_pid40944","12558","2026-04-15T14:21:20.7888674Z","38141D1A005D248FB3994C5D519225CEE529358E938717C864C7D6B40CC5151E"
"logs/2026-04-15 22_36_12_amazon_light_init_pid8908","123834","2026-04-15T15:46:27.6591522Z","A3282C7C2067BDABE5AC59FD84B328D6DB10C1D4D886FBFF04D851B0A422650E"
"logs/2026-04-16 00_50_57_amazon_light_init_pid22756","12176","2026-04-15T16:56:22.7523690Z","174DADDC1945CF27F22DD029B6D60C89D321E9C124800A5D93F60A83C70B5B6A"
"logs/2026-04-16 19_41_52_amazon_light_init_pid21524","12504","2026-04-16T11:50:57.9112450Z","DE6DFBBD5AD897950BAFCE129F1413CCA41CDA73C251FC393486135A2CB0831B"
"logs/2026-04-16 19_56_11_amazon_light_init_pid26212","12515","2026-04-16T12:02:38.6971714Z","0C7907B4F01AAF60C3BCD438D37A0E471BB84F77501F169DB19600FE93CEF8D3"
"logs/2026-04-16 20_27_54_amazon_light_init_pid30904","174982","2026-04-16T14:37:31.0297743Z","4814607CAE6379BB5D12934CE17F55BB44F0CE9A93AE68B791AE846BBD5A7E96"
"logs/2026-04-16 22_42_13_amazon_light_init_pid26048","112401","2026-04-16T15:48:44.6747831Z","A8673C63CE32D2D0CB0610E9AAC59C430863F2885EAA4BA35DBCE8E835827ABB"
"logs/2026-04-16 23_59_47_amazon_light_init_pid26184","130674","2026-04-16T17:22:17.2599287Z","5DDA6AD9A8A3F0F475A03C5F8708B99098C014DBCC2677891B8C1C59F86792C0"
"logs/2026-04-17 01_50_16_amazon_light_init_pid22636","3638","2026-04-16T17:50:27.1892146Z","F7990927120AD9183451B3E7F3AEEECBD9795CEF4C1CA319184EFB86FD7E411D"
"logs/2026-07-29 12_23_28_amazon_light_init_pid15100","5732","2026-07-29T04:24:20.0281442Z","6F8E3C18A82395846D38E01F5CB910B70BAE2DD31771D5A6216FE7200900E3DD"
"logs/README.md","645","2026-07-22T03:00:04.0407641Z","99D202FA10F6BBE2163983BF99076FB2B8F9AFC5579A0C3C8B669E37A3CD3CE0"
"logs/td_distill_20260412_110510.stderr.log","3131","2026-04-12T03:05:12.8808576Z","6136D11736D3B491CC0632E4DDA9E766257B2A8F9D5A1CD139487081E88DF7A6"
"logs/td_distill_20260412_110510.stdout.log","0","2026-04-12T03:05:10.3218814Z","E3B0C44298FC1C149AFBF4C8996FB92427AE41E4649B934CA495991B7852B855"
"logs/td_distill_20260412_110644.stderr.log","1996","2026-04-12T03:06:54.8831595Z","A718975D5DC524F05450E48261786E6E566D04B676FE5F969784E1F24616F0A2"
"logs/td_distill_20260412_110644.stdout.log","2051","2026-04-12T03:06:54.8720308Z","035002DCC5252ACA8E0C4DC5F2CF3404B5F647E60EADF945B45636DB6F2006D5"
"Model/amazon/runs/teacher_model_great__2026-04-11 00_29_36_amazon_light_init_pid22964.pt","117675440","2026-04-10T16:37:03.4351986Z","69AF1CDDD426C04658B0603B170A817F2DCBFFEBAEA1C214A121FE250EEFC84A"
"Model/amazon/runs/teacher_model_great__2026-04-11 11_57_20_amazon_light_init_pid29808.pt","117675440","2026-04-11T03:58:39.9142207Z","4223EE96E754D21DA1462F29C985578711AD57DADF95067C90213EA0CB798AFA"
"Model/amazon/runs/teacher_model_great__2026-04-11 11_59_06_amazon_light_init_pid26300.pt","117675440","2026-04-11T04:10:06.1081289Z","F1D08880FEC120E48B21056E3AA2830A1899C108F697E1B8092175629C25F42A"
"Model/amazon/runs/teacher_model_great__2026-04-11 15_38_13_amazon_light_init_pid19316.pt","117675440","2026-04-11T07:50:13.4708336Z","64DF025F769018BA22C856D90D1B26CFC464575BFA1B62CC22C757CEADC3951C"
"Model/amazon/runs/teacher_model_great__2026-04-11 18_23_07_amazon_light_init_pid21740.pt","117675440","2026-04-11T10:31:49.2103731Z","42A48A759AED63164AF19B9EDBB7BF8FB022B444BB4AA1F7283095CDA988BB0A"
"Model/amazon/runs/teacher_model_great__2026-04-11 19_50_25_amazon_light_init_pid21780.pt","117685396","2026-04-11T12:03:21.4313693Z","36F1C480641A56E1A5707FED0610227551048DF483208C3778A7900B750748BA"
"Model/amazon/runs/teacher_model_val_test_once_v1__2026-07-29 12_23_28_amazon_light_init_pid15100.pt","120293145","2026-07-29T04:23:50.8701637Z","20B2764D0A1D9CEC1CFCBCA26F1E5E41E1E8AB3A3B3A2DDFC956A2B804297F80"
"Model/amazon/td_distill/td_distill_full__2026-04-12 11_14_02_amazon_light_init_pid14172.pth","7827907","2026-04-12T03:18:06.2548923Z","49A343A971ED4E80A62BFB1D165D5E09EE65D7E6BED8BCCB55CCBE8EA08D3F93"
"Model/amazon/td_distill/td_distill_full__2026-04-12 11_57_24_amazon_light_init_pid33984.pth","7827907","2026-04-12T04:00:24.3015138Z","5ABA1990FCF1C43DA0530E55F47E4B250908ED9614679818A244A6C56CF0ECCD"
"Model/amazon/td_distill/td_distill_full__2026-04-12 12_16_10_amazon_light_init_pid21848.pth","7827907","2026-04-12T05:48:29.8069913Z","4CE7A45E26F8C6D99CB56EBE4F6F80552DB8B77AF3AD0CD2F23D146A4DF0FDBD"
"Model/amazon/td_distill/td_distill_full__2026-04-12 15_16_41_amazon_light_init_pid26012.pth","7817605","2026-04-12T08:54:21.9216700Z","08B5B93C9BE8B02C90C2D7E5941C6FADD34D37484C640A480C05D1F4DB513874"
"Model/amazon/td_distill/td_distill_full__2026-04-12 17_00_13_amazon_light_init_pid18928.pth","7827907","2026-04-12T10:11:58.6937541Z","13CC77A2113EBF27CC3DDBDFD291B1B538CEB4ED466084937D2F1AC888DBC811"
"Model/amazon/td_distill/td_distill_full__2026-04-12 19_03_46_amazon_light_init_pid6348.pth","7827885","2026-04-12T12:33:30.8066985Z","523FED03E5E380E4064FAFAC773BA79D108348BD684D61CDFFD57793DC1BF713"
"Model/amazon/td_distill/td_distill_full__2026-04-12 22_05_54_amazon_light_init_pid19636.pth","7827907","2026-04-12T15:36:30.6288158Z","5B47E89B28E819D73B5DDFC91022708FC9C3109394395068F31D348DE0084A45"
"Model/amazon/td_distill/td_distill_full__2026-04-13 00_02_36_amazon_light_init_pid30912.pth","7827907","2026-04-12T16:15:10.4921471Z","1BB8E5FDB915BFF856EEDA3D53BDA984FAB19604871563C55A11480E434C2662"
"Model/amazon/td_distill/td_distill_full__2026-04-13 00_58_16_amazon_light_init_pid25648.pth","7827907","2026-04-12T18:00:16.4016641Z","0DD1DF4B8E58F712216B3AD9FF3AF7341CDD269ED0A2A6AA63FC0B7E459D9904"
"Model/amazon/td_distill/td_distill_full__2026-04-13 09_58_53_amazon_light_init_pid27712.pth","7874811","2026-04-13T02:05:48.4634956Z","3974DCCEDD67161DBA2A6C3EF9ECD882C7B76E9DC0E4D3F5FC883F00B86513A5"
"Model/amazon/td_distill/td_distill_full__2026-04-13 10_50_20_amazon_light_init_pid18884.pth","7843755","2026-04-13T04:15:34.3870002Z","51D803F92C8F41C6774B9A7077CB3C30AEA876C9BAAD703E04B51AE759ECE373"
"Model/amazon/td_distill/td_distill_full__2026-04-13 12_43_21_amazon_light_init_pid12236.pth","7843755","2026-04-13T05:49:16.6346691Z","5BB6EFC9986925A1FE645DEDCA456CD8A50B66CE2826C696F2BAE5AF27433F60"
"Model/amazon/td_distill/td_distill_full__2026-04-13 14_02_40_amazon_light_init_pid18536.pth","7823151","2026-04-13T07:32:35.0049302Z","59C783902E25FE47EC67FD1C611324FB12CF028D9E487145A909E08C9433EBB9"
"Model/amazon/td_distill/td_distill_full__2026-04-13 17_25_32_amazon_light_init_pid5896.pth","7812943","2026-04-13T10:43:34.1894652Z","6C9ECCEE6C8B2C1EE13502DA88A99EA0626B10EDA2917AF97F3C6C5061949C09"
"Model/amazon/td_distill/td_distill_full__2026-04-13 20_38_40_amazon_light_init_pid32828.pth","7828419","2026-04-13T14:06:28.0264142Z","B28A78561F996E6E753FE89DECC56870C0481C00C11E293FC1F2A54029E767F9"
"Model/amazon/td_distill/td_distill_full__2026-04-13 22_40_15_amazon_light_init_pid14760.pth","7828419","2026-04-13T15:39:40.6289380Z","895457C08B4774784E9695619E5D9E7E62CF81899D1355DDB7959DDA44EC4E63"
"Model/amazon/td_distill/td_distill_full__2026-04-13 23_55_04_amazon_light_init_pid12888.pth","7812957","2026-04-13T17:04:25.9929846Z","76077218F9319DF45A69282EA86E974DE672ED0A3EDF6B3E3D5187B162241180"
"Model/amazon/td_distill/td_distill_full__2026-04-14 01_07_46_amazon_light_init_pid22532.pth","7812957","2026-04-13T18:04:47.5041269Z","94097A0588F953149697A0E432D6C92F307F05529B1AAB485DFE21461E163BD0"
"Model/amazon/td_distill/td_distill_full__2026-04-14 20_26_27_amazon_light_init_pid31404.pth","7818117","2026-04-14T14:29:55.9695119Z","FA2AF04F96192003185F8AE1B82FA77281EDEB11E330AB3DFB0F301850D63432"
"Model/amazon/td_distill/td_distill_full__2026-04-14 22_44_59_amazon_light_init_pid32448.pth","7843819","2026-04-14T15:03:24.5527423Z","BB37C0138A2AFAA3C92737A632CB3189C0102F4ED5B0F23A301740AAADC15400"
"Model/amazon/td_distill/td_distill_full__2026-04-15 08_07_08_amazon_light_init_pid15472.pth","7843819","2026-04-15T00:24:03.9714523Z","661396FE39A9904E176E0703872B5FE1095705C5B017484F0A91F4CA6031C9BC"
"Model/amazon/td_distill/td_distill_full__2026-04-15 08_28_43_amazon_light_init_pid1896.pth","7812943","2026-04-15T02:33:25.2661015Z","2ECE85310C2469BA1251AAB56041D2D37838F367A2D1172710C2A4D6DA1A5734"
"Model/amazon/td_distill/td_distill_full__2026-04-15 10_52_54_amazon_light_init_pid16960.pth","7812957","2026-04-15T04:58:44.4056584Z","3ADB0A61EFA4A07112E8C1DE3CF5AA13E32F1446D5323C3CEDCB53004A39AA6A"
"Model/amazon/td_distill/td_distill_full__2026-04-15 13_04_04_amazon_light_init_pid29492.pth","7812957","2026-04-15T06:40:36.0370022Z","E786987BB43CE434212D00B0EADCA313717B8A6B03DBBB63241E9C77C5EEC15A"
"Model/amazon/td_distill/td_distill_full__2026-04-15 15_14_13_amazon_light_init_pid22040.pth","7812957","2026-04-15T07:27:12.2840290Z","F4E12EC7D08DAC6025DB9936EBF99B87676A1A0CEF3D01E8DF0F535ABEB9ABD5"
"Model/amazon/td_distill/td_distill_full__2026-04-15 16_44_18_amazon_light_init_pid18192.pth","7812957","2026-04-15T10:27:23.8692951Z","D37D4FD7AD11F530E0C7CB1CF6766BCBF2BAB6A8FD84F31A5E5ADE480B561A59"
"Model/amazon/td_distill/td_distill_full__2026-04-15 19_43_54_amazon_light_init_pid40632.pth","7812957","2026-04-15T14:04:15.9109515Z","D5E848E7CE97191A4364FDEF086B683C3735FD91AB301F7EB2D517AE98D3394D"
"Model/amazon/td_distill/td_distill_full__2026-04-15 22_13_41_amazon_light_init_pid40944.pth","7812957","2026-04-15T14:19:22.5739203Z","45FC42F4ADADB680381F18890586791B5E696E12F826184C86BE1DADBAFD36C3"
"Model/amazon/td_distill/td_distill_full__2026-04-15 22_36_12_amazon_light_init_pid8908.pth","7812943","2026-04-15T15:44:54.7742899Z","518AAD323E7A5D28D72762B061B28BA5D108389AE7CB4BDF189BD2B1790C9DDD"
"Model/amazon/td_distill/td_distill_full__2026-04-16 00_50_57_amazon_light_init_pid22756.pth","7812957","2026-04-15T16:54:54.5339368Z","73EA87756DE87557BAAE39A261E6478333FFF2FF9746C06890903B3265DDE547"
"Model/amazon/td_distill/td_distill_full__2026-04-16 19_41_52_amazon_light_init_pid21524.pth","7812957","2026-04-16T11:47:52.5157898Z","73DC4E494795B86C6B8724415C24735D8C8DDF943053081DFB1DB83CEE92FBF1"
"Model/amazon/td_distill/td_distill_full__2026-04-16 19_56_11_amazon_light_init_pid26212.pth","7812957","2026-04-16T11:59:48.3030332Z","D4E9539FA2500D901D126CE7D27F8CC4A65BF9975A743171CB675D8262950726"
"Model/amazon/td_distill/td_distill_full__2026-04-16 20_27_54_amazon_light_init_pid30904.pth","7812957","2026-04-16T14:34:36.6445974Z","FB0F38F053DDD88DDAF211670105DCEADC570C8996F1A0FAFD00CF7CA864D5C6"
"Model/amazon/td_distill/td_distill_full__2026-04-16 22_42_13_amazon_light_init_pid26048.pth","7812957","2026-04-16T15:47:12.4344946Z","63E27B7E06006F277F1618E5824680ED0709C6681233ABB383D0D4AD7C9E356E"
"Model/amazon/td_distill/td_distill_full__2026-04-16 23_59_47_amazon_light_init_pid26184.pth","7812957","2026-04-16T17:20:40.9535379Z","65E711523EC7F990940650A8A2A8E1C6F89509DDFFE36D688442E80153053A24"
"Model/amazon/td_distill/td_distill_full__val_test_once_v1__2026-07-29 12_23_28_amazon_light_init_pid15100.pth","7813977","2026-07-29T04:24:11.1953074Z","7C2A0991C9950CFF6E504255C853A81D4BD5C32E39C9CD2A74F68CE214718ABA"
"Model/amazon/td_distill/td_distill_infer_only__2026-04-12 11_14_02_amazon_light_init_pid14172.pth","2605333","2026-04-12T03:18:06.2584431Z","89EA907A339D8BC685538E0B4D324EF8D2E25A8299E5446E74042F870C4CCE86"
"Model/amazon/td_distill/td_distill_infer_only__2026-04-12 11_57_24_amazon_light_init_pid33984.pth","2605333","2026-04-12T04:00:24.3045095Z","1A5F554543985C46A9337BF87FA35E8C9E043E62B8F651B4D430D8CD5E3BB234"
"Model/amazon/td_distill/td_distill_infer_only__2026-04-12 12_16_10_amazon_light_init_pid21848.pth","2605333","2026-04-12T05:48:29.8099845Z","D720F08F25617103F8B1CAF7816B7FE723D95DBF68F79B62407FB0343626B897"
"Model/amazon/td_distill/td_distill_infer_only__2026-04-12 15_16_41_amazon_light_init_pid26012.pth","2605333","2026-04-12T08:54:21.9257400Z","A099B17BB68564B7F0C5C2D88A9417D2C62186E58BD0D996B278D9D4F3E62158"
"Model/amazon/td_distill/td_distill_infer_only__2026-04-12 17_00_13_amazon_light_init_pid18928.pth","2605333","2026-04-12T10:11:58.7097573Z","006CC853B48883AB163FD5F6066C51364990DBE6A9922FE83A83ACC2EC264584"
"Model/amazon/td_distill/td_distill_infer_only__2026-04-12 19_03_46_amazon_light_init_pid6348.pth","2605325","2026-04-12T12:33:30.8106955Z","0CCE49776202CD11B80C55933ECE01037BD312CA2C8BA73E1874FAB9DDEBC84D"
"Model/amazon/td_distill/td_distill_infer_only__2026-04-12 22_05_54_amazon_light_init_pid19636.pth","2605333","2026-04-12T15:36:30.6318367Z","23B23C32431721BACFBED3223F77294D3207220B24DE2C997BE315FD2406187D"
"Model/amazon/td_distill/td_distill_infer_only__2026-04-13 00_02_36_amazon_light_init_pid30912.pth","2605333","2026-04-12T16:15:10.4988198Z","9B0BE153AA3976F3591AD519DC27DBA910D05A56891376B03DADB0BB8628D559"
"Model/amazon/td_distill/td_distill_infer_only__2026-04-13 00_58_16_amazon_light_init_pid25648.pth","2605333","2026-04-12T18:00:16.4016641Z","46DB4BC7828F8996475418438B73E831AF936ADCBD88CDFD465BBE6000909CC0"
"Model/amazon/td_distill/td_distill_infer_only__2026-04-13 09_58_53_amazon_light_init_pid27712.pth","2605333","2026-04-13T02:05:48.4675028Z","2928FBCAAA0D9142E88DFFC620E61E585DD5CC1FF1D579F7C75C0DE4D83C1F35"
"Model/amazon/td_distill/td_distill_infer_only__2026-04-13 10_50_20_amazon_light_init_pid18884.pth","2605333","2026-04-13T04:15:34.3910505Z","54554244C13887B3C46A40F8968715211CC3E01F499A029B09889B5710F7179B"
"Model/amazon/td_distill/td_distill_infer_only__2026-04-13 12_43_21_amazon_light_init_pid12236.pth","2605333","2026-04-13T05:49:16.6378915Z","7472A819D33CF356A21EF8CD31DE6657B53B1E5FDCD78586DC4457995C8B4111"
"Model/amazon/td_distill/td_distill_infer_only__2026-04-13 14_02_40_amazon_light_init_pid18536.pth","2605333","2026-04-13T07:32:35.0090249Z","230C68864589865FAC2F4753A5F740D49869F63E48BF144F4310568C2ABE5F5F"
"Model/amazon/td_distill/td_distill_infer_only__2026-04-13 17_25_32_amazon_light_init_pid5896.pth","2605389","2026-04-13T10:43:34.1894652Z","9E35564417037C2FC29CD3986B1169C90CA081A5C00721DD63EABB2BC1FD2DD5"
"Model/amazon/td_distill/td_distill_infer_only__2026-04-13 20_38_40_amazon_light_init_pid32828.pth","2605269","2026-04-13T14:06:28.0264142Z","1D0C7D286D152824846BFD8F96EB3DB813C2A69DA2ACE19F215C63C7140195A9"
"Model/amazon/td_distill/td_distill_infer_only__2026-04-13 22_40_15_amazon_light_init_pid14760.pth","2605269","2026-04-13T15:39:40.6314469Z","6610ABA5DE01B663E21490BDD7A0C71725DCB33DCB2558B8D1AC2AE41CF841A3"
"Model/amazon/td_distill/td_distill_infer_only__2026-04-13 23_55_04_amazon_light_init_pid12888.pth","2605397","2026-04-13T17:04:25.9969929Z","43791BBED40C04F2BC25FF48BAED3606572547CC11A0851861DCF140BD648FBE"
"Model/amazon/td_distill/td_distill_infer_only__2026-04-14 01_07_46_amazon_light_init_pid22532.pth","2605397","2026-04-13T18:04:47.5076325Z","762903653DE4C516FD83AB37317B534F913F2D119231BED071C09E0C36B68739"
"Model/amazon/td_distill/td_distill_infer_only__2026-04-14 20_26_27_amazon_light_init_pid31404.pth","2605269","2026-04-14T14:29:55.9720666Z","AFB6ACEEE6CBE661C7F95377513EC14BD949D07C4993B22323B283A3E992AF61"
"Model/amazon/td_distill/td_distill_infer_only__2026-04-14 22_44_59_amazon_light_init_pid32448.pth","2605269","2026-04-14T15:03:24.5577954Z","3A09C9E44102FEE6CB2A39C2D8318EBB702A032B2B0211994BCD6AB1AEEF50A1"
"Model/amazon/td_distill/td_distill_infer_only__2026-04-15 08_07_08_amazon_light_init_pid15472.pth","2605269","2026-04-15T00:24:03.9759908Z","763F6DAD40FA0EE8265BC299ED232268B55335534B123189E71D9567240D4947"
"Model/amazon/td_distill/td_distill_infer_only__2026-04-15 08_28_43_amazon_light_init_pid1896.pth","2605389","2026-04-15T02:33:25.2701933Z","BCAEB84167050F37FC41736B5DD3973EE02A10F5B64AA92AEEB8C64600DF3A55"
"Model/amazon/td_distill/td_distill_infer_only__2026-04-15 10_52_54_amazon_light_init_pid16960.pth","2605397","2026-04-15T04:58:44.4086598Z","0F7F7BDE2EDC39F1F71DF83C5ACC96CF9F00D88971DB7ED972896F69E43190D6"
"Model/amazon/td_distill/td_distill_infer_only__2026-04-15 13_04_04_amazon_light_init_pid29492.pth","2605397","2026-04-15T06:40:36.0400032Z","B24C21689C25169DFC123ED313A3FBEBBD29F51710E3E90EEB937036D024A2EC"
"Model/amazon/td_distill/td_distill_infer_only__2026-04-15 15_14_13_amazon_light_init_pid22040.pth","2605397","2026-04-15T07:27:12.2906847Z","7F328BCD71514AA681DBEB256197B9C5D7112114EA2820675D5565111EE32A21"
"Model/amazon/td_distill/td_distill_infer_only__2026-04-15 16_44_18_amazon_light_init_pid18192.pth","2605397","2026-04-15T10:27:23.8742881Z","1012010EADB309A084AB2CFA7FE139DD59FB4E4AF598B9E3CC1A97BD9CECC430"
"Model/amazon/td_distill/td_distill_infer_only__2026-04-15 19_43_54_amazon_light_init_pid40632.pth","2605397","2026-04-15T14:04:15.9159517Z","1DE0964DA93D965D6E8EE8D1605E868E45A975EAA916293221BCB67F8D1FFAAC"
"Model/amazon/td_distill/td_distill_infer_only__2026-04-15 22_13_41_amazon_light_init_pid40944.pth","2605397","2026-04-15T14:19:22.5799516Z","68541337A835580E9A836AD69082DC12318CFC556127CA9898435A1D23DBB8FB"
"Model/amazon/td_distill/td_distill_infer_only__2026-04-15 22_36_12_amazon_light_init_pid8908.pth","2605389","2026-04-15T15:44:54.7782972Z","5D4152011A2B26ADCE03DE20E3DA3EEAD62824248AAEC40DA71BBB8B6A192CC3"
"Model/amazon/td_distill/td_distill_infer_only__2026-04-16 00_50_57_amazon_light_init_pid22756.pth","2605397","2026-04-15T16:54:54.5369363Z","A0516D7E7903D4D6F03B4E29D6625ACD7D8DDD9E3697F8013AE23EE44BC2DC8F"
"Model/amazon/td_distill/td_distill_infer_only__2026-04-16 19_41_52_amazon_light_init_pid21524.pth","2605397","2026-04-16T11:47:52.5197879Z","85F95CBBBDC9ECA019DC505B3F9B0BC2C55BEBA22A92CB6066DC5B4BDB93E51B"
"Model/amazon/td_distill/td_distill_infer_only__2026-04-16 19_56_11_amazon_light_init_pid26212.pth","2605397","2026-04-16T11:59:48.3080333Z","3AD5436C422DCA6D10804E4272C0FB464DE9090E7E71435C350B43FFAA9FA245"
"Model/amazon/td_distill/td_distill_infer_only__2026-04-16 20_27_54_amazon_light_init_pid30904.pth","2605397","2026-04-16T14:34:36.6516001Z","2F06B0CE0028EFEE79580A1BDCCDAE2BF010A5A613EAEA46A6A91D9ADBD76A4C"
"Model/amazon/td_distill/td_distill_infer_only__2026-04-16 22_42_13_amazon_light_init_pid26048.pth","2605397","2026-04-16T15:47:12.4383835Z","F67FC42FF3C704DC2F831FC5AD12A0D17D8F63CC57F0DF68FAFF143C97653D0B"
"Model/amazon/td_distill/td_distill_infer_only__2026-04-16 23_59_47_amazon_light_init_pid26184.pth","2605397","2026-04-16T17:20:40.9575427Z","CD6F040FAB52931E2553430FB359545348D256043466F977EF20633294CC7FA4"
"Model/amazon/td_distill/td_distill_infer_only__val_test_once_v1__2026-07-29 12_23_28_amazon_light_init_pid15100.pth","2605733","2026-07-29T04:24:11.1988297Z","349F5B9796E33CA2165C845C3D13C0C79A8A9F9512AC5D8BAADDE7185430AE46"
"Model/amazon/teacher_model_great.pt","117683844","2026-04-11T12:03:21.1988467Z","BA220301EEE414D4FF2B279C8C670F3D7F66B646EEEAA11829323D064A6A07FB"
"zhuanli/24级word/GL专利/GL权利要求书.docx","56010","2026-04-27T04:59:12.2939582Z","C1100939D2584C9344CBFDB6D8D1F46E669B01FF9F568C44F33649B683ACEB23"
"zhuanli/24级word/GL专利/GL说明书.docx","110791","2026-04-27T04:59:11.9966310Z","8912AD63416B0BCD2822E77C88F0BB0F1B2B5F35DA62397C55FA46019324C58D"
"zhuanli/24级word/GL专利/GL说明书附图.docx","1807785","2026-04-27T04:59:12.3716544Z","8D3FCDC6C0937BB631D0FF8E6D095F3A7157654EFD592116C8AC22CCD3BC5428"
"zhuanli/24级word/GL专利/GL说明书摘要.docx","32954","2026-04-27T04:59:12.1680846Z","9C654A25E09BAE37E1E5DF34EC734A312895290E88481B65A7FDAC98C2FB5CB1"
"zhuanli/24级word/lj专利/lj权利要求书.doc","35840","2026-04-27T04:59:11.8916043Z","8289C5AC3B347F3606B3FD8F2CBF84219ED417340ECBAF20D1E0DCAAFAC15427"
"zhuanli/24级word/lj专利/lj说明书.docx","102012","2026-04-27T04:59:11.9500784Z","EEE3D03DBB2D584EF1DE168EFCB12F82CD63DB8F99C70075A5BAAFEFFE65B2B8"
"zhuanli/24级word/lj专利/lj说明书附图.docx","229052","2026-04-27T04:59:12.0102338Z","EF7F8FD40CA5C8DADC4A44805BE9E55514C49A11D2323098220810578A3CF655"
"zhuanli/24级word/lj专利/lj说明书摘要.docx","18328","2026-04-27T04:59:11.8765636Z","28B519DD2B0A56503C36FC7FD2C6304EF577ADED464E10E9DB10EEB339FB0932"
"zhuanli/24级word/专利-王晋/权利要求书.doc","133120","2026-04-27T04:59:12.6356106Z","452A7E97A05DA33045497616A3B20BEA64F51CFDA2237F910679F614D7E286E9"
"zhuanli/24级word/专利-王晋/说明书.docx","291624","2026-04-27T04:59:12.5898155Z","54A6E1A4D13F4D994AE51B45280AD4217B626C8BB2E73F6531DB7D4B33556C64"
"zhuanli/24级word/专利-王晋/说明书附图.docx","751772","2026-04-27T04:59:12.6703683Z","7FD7B2CCA1D7E4D29F240D2638DD50248ACE2769ACDB808FC36A1A402A1B37B5"
"zhuanli/24级word/专利-王晋/说明书摘要.docx","77243","2026-04-27T04:59:12.2007317Z","B299B8F5E55D8AE9692798937457DED0D5D07482EEF874DFFAAFD7F854E18487"
"zhuanli/24级word/专利-王京汇/wjh权利要求书.docx","43244","2026-04-27T04:59:13.6361949Z","A561A68B195BA9E664EA6032622F78266FAAB8B9A4113B782C1CEBB4F8CFBBA2"
"zhuanli/24级word/专利-王京汇/wjh权利要求书.pdf","197976","2026-04-27T04:59:13.1649515Z","0732EE7A422055D55E4B88B1CEF0C8F8CFAA766CB1DB926A31CE987524A5681D"
"zhuanli/24级word/专利-王京汇/wjh说明书.docx","192416","2026-04-27T04:59:13.2248900Z","0AA1E984656E1970BDE9BCA4FA84B850439B028C86B0305B572F2BC166F3D08E"
"zhuanli/24级word/专利-王京汇/wjh说明书.pdf","487062","2026-04-27T04:59:12.7435526Z","E6225CC3225F9AE1A8CA679644BB8352CBF21194C065BEE1B1C7E0308FBE6B64"
"zhuanli/24级word/专利-王京汇/wjh说明书附图.pdf","288247","2026-04-27T04:59:13.0721271Z","6FA7943AE308574FC431962171E5DE98627139AE7E0953E2CD9B466725DB94E1"
"zhuanli/24级word/专利-王京汇/wjh说明书摘要.docx","29942","2026-04-27T04:59:13.5116127Z","D604A2298F665433D605841941B1E7F621637591EA612356C0AF616AF6A60705"
"zhuanli/24级word/专利-王京汇/wjh说明书摘要.pdf","128372","2026-04-27T04:59:13.0751283Z","AC8E5BD24E83DD2ABA5ABC972F69EA8A80DECF6FB767A317D19D7EFE371B39FA"
"zhuanli/24级word/专利-王京汇/专利撰写经验和申请流程 7.0.docx","4598259","2026-04-27T04:59:13.2543304Z","12C24680370BF7BDFCA401B1F84DCFF99ABD85B8B1FAEE212C8073179FD5EA57"
"zhuanli/25级else/官司玮专利申请表.pdf","189395","2026-04-29T02:45:27.4214269Z","34B49EA8D9CBBE8B23694420596134459C8D57F9D49438E167C3A18FC36CD3B5"
"zhuanli/25级else/胡仁籍专利申请表.pdf","153038","2026-04-29T02:49:37.9456595Z","FF136AEA0D33741684D9D2C67464ED3CE318400BC9929409E53B0F22806333A0"
"zhuanli/5.20专利申请.zip","11675564","2026-05-19T11:38:14.0022711Z","5EF722FE422AE4CB0CE02C31B26CAF07DA874812719E5C5B1CAA5082D59EFA02"
"zhuanli/5.20专利申请/高莉-基于对比学习的表征增强型方面情感三元组抽取/GL权利要求书.pdf","228741","2025-10-26T11:59:42.0000000Z","45D09C8E396373C7FEFC59999BF8D34DABDF2E74131404D6AABE4AEB8551F831"
"zhuanli/5.20专利申请/高莉-基于对比学习的表征增强型方面情感三元组抽取/GL申请表.docx","21381","2025-10-27T00:57:52.0000000Z","7F483EA2D7A6065B0279BCBA6FBE538E43887B73599C62CAE5EC0E524C26A74F"
"zhuanli/5.20专利申请/高莉-基于对比学习的表征增强型方面情感三元组抽取/GL说明书.pdf","467074","2025-10-26T11:58:02.0000000Z","AC48F130454735F900C73EBA2B86958F704B493BA52C58FB4E773D777B889D9F"
"zhuanli/5.20专利申请/高莉-基于对比学习的表征增强型方面情感三元组抽取/GL说明书附图.pdf","379148","2025-10-26T12:00:18.0000000Z","13EDE2D012D44330ABBE02E386D41B555C0F5E37A6B7F50CEDA25A7CB58114C5"
"zhuanli/5.20专利申请/高莉-基于对比学习的表征增强型方面情感三元组抽取/GL说明书摘要.pdf","128900","2025-10-26T12:01:04.0000000Z","A622FDE2B8D8DD83F3E035A40261629A22A9E0BB4DEBA6A49B271701227AB7D8"
"zhuanli/5.20专利申请/官司玮-一种基于双网络动态协同的半监督息肉图像分割方法/权利要求书.pdf","236780","2026-05-12T12:43:10.0000000Z","9ED500F61587B49011F8F596FEE6ECF34B7A533CDE86EBB1F574E9D24DE73CB2"
"zhuanli/5.20专利申请/官司玮-一种基于双网络动态协同的半监督息肉图像分割方法/说明书.pdf","408253","2026-05-12T12:42:16.0000000Z","0BFA4573F0A37523DE31152EE26EDAC402EC8EFD3B8C2DD92679E619E2BC7482"
"zhuanli/5.20专利申请/官司玮-一种基于双网络动态协同的半监督息肉图像分割方法/说明书附图.pdf","901134","2026-05-12T12:43:46.0000000Z","3EFCE42C222497278E5DB21C5DF81C3F0E2529CBEF94A06E41FA3D9B42ED1572"
"zhuanli/5.20专利申请/官司玮-一种基于双网络动态协同的半监督息肉图像分割方法/说明书摘要.pdf","115710","2026-05-12T12:40:14.0000000Z","CF9A04B84EE138141B9DE15C8CA76F15945C18A9E85AE1A967887134A6BB9DDE"
"zhuanli/5.20专利申请/胡仁籍-一种面向以太坊钓鱼地址检测的时序风险记忆融合实时检测方法/权利要求书.pdf","128472","2026-05-12T16:01:57.3344768Z","9685A42B170457C09B7ACBB2A282FB1B1242797132C3FFE5981D6F99EF56050D"
"zhuanli/5.20专利申请/胡仁籍-一种面向以太坊钓鱼地址检测的时序风险记忆融合实时检测方法/说明书.pdf","317720","2026-05-12T16:03:16.0988340Z","18BAECF10ED9F074E017FEFDE8A9C5186A3DDAC548D3E516753B8A1492AA0ADA"
"zhuanli/5.20专利申请/胡仁籍-一种面向以太坊钓鱼地址检测的时序风险记忆融合实时检测方法/说明书附图.pdf","650478","2026-05-12T16:03:53.1757615Z","54F6FD9977700F4281F2D49FE2F4D03F446A53EED0FAFFBF98BD8F5C8E30CEC8"
"zhuanli/5.20专利申请/胡仁籍-一种面向以太坊钓鱼地址检测的时序风险记忆融合实时检测方法/说明书摘要.pdf","90187","2026-05-12T16:05:05.3873803Z","9EDD5C4B59C7B56D047E6F12F48920EA4F0C39333E6D0FB361E594212439A6FD"
"zhuanli/5.20专利申请/李娇-一种基于跨模态掩码重建和多任务对齐建模的组织病理学空间转录组预测方法/李娇-权利要求书.pdf","230183","2026-05-13T07:45:36.0000000Z","2831A7CC49DBA4ECE0659CA50658D10D0DF9C550748F77B1BC2C13DFB010BF4A"
"zhuanli/5.20专利申请/李娇-一种基于跨模态掩码重建和多任务对齐建模的组织病理学空间转录组预测方法/李娇-说明书.pdf","395804","2026-05-13T07:45:36.0000000Z","07FD7137B08E9EF2661EAA1276D9A5BA09059274D3EBE5F9A2949E8DEA4874B8"
"zhuanli/5.20专利申请/李娇-一种基于跨模态掩码重建和多任务对齐建模的组织病理学空间转录组预测方法/李娇-说明书附图.pdf","323160","2026-05-13T07:45:36.0000000Z","93363BB41238B693B722BE76C02F9C06CED028B16458518B8A68A38D770B69FF"
"zhuanli/5.20专利申请/李娇-一种基于跨模态掩码重建和多任务对齐建模的组织病理学空间转录组预测方法/李娇-说明书摘要.pdf","183696","2026-05-13T07:45:36.0000000Z","2241CD315228CD4AA3E60F5C3E5BC2E68BC1BD38E6F4211A236B6C42334728C0"
"zhuanli/5.20专利申请/身份证.txt","301","2026-05-19T11:37:44.9287278Z","7DDC8F0C420A43DF7574AB73371C26BCFC361C328033C2A4F7A0EA478F0FA94D"
"zhuanli/5.20专利申请/王晋-基于动态增量的门控聚合知识图谱推荐方法/权利要求书.pdf","168505","2025-10-22T07:40:32.0000000Z","69AB9FD5AA06B7DF04803F1B828B427073495546589E07FAC912DBDC11FF5982"
"zhuanli/5.20专利申请/王晋-基于动态增量的门控聚合知识图谱推荐方法/说明书.pdf","353757","2025-10-22T07:53:22.0000000Z","08475D885F5228D489BE3E0006541C1A9FDEA4CF4DA3942D4B0EC7E3D3B6FEAA"
"zhuanli/5.20专利申请/王晋-基于动态增量的门控聚合知识图谱推荐方法/说明书附图.pdf","278139","2025-10-22T07:32:00.0000000Z","C50A7FF39F9938D0947752DD751AD8060FB97BE05111C34568FCCC498CE95365"
"zhuanli/5.20专利申请/王晋-基于动态增量的门控聚合知识图谱推荐方法/说明书摘要.pdf","161801","2025-10-22T07:24:46.0000000Z","92065A7C20AE380D1F687291CB6451338D0D77E3C86175956CF0DC19F236809F"
"zhuanli/5.20专利申请/王晋-基于动态增量的门控聚合知识图谱推荐方法/重庆邮电大学专利申请审批表.docx","46686","2025-10-26T12:14:40.0000000Z","5467C24FFDE360A05979D3540C692A66EB1954BE630CF7DA030C3EAA05FFFAF4"
"zhuanli/5.20专利申请/王晋-基于用户侧信息融合的GAN模拟用户强化学习推荐方法/权利要求书.pdf","226050","2025-10-22T06:47:32.0000000Z","361709F8D6126FC7E0CFF1156D64572C8915C108756984DABBE2AFCE0BC0DBDF"
"zhuanli/5.20专利申请/王晋-基于用户侧信息融合的GAN模拟用户强化学习推荐方法/说明书.pdf","381887","2025-10-22T06:47:48.0000000Z","27850ECA161CBCC588FDB38EC4AD6C1CE79143A6A86AEBCD525A27B0112DE23B"
"zhuanli/5.20专利申请/王晋-基于用户侧信息融合的GAN模拟用户强化学习推荐方法/说明书附图.pdf","403000","2025-10-22T06:48:04.0000000Z","A8081F5FD93022D7C963A18F1D1187BE9EB4BADEF26F3A525EB42E520B745129"
"zhuanli/5.20专利申请/王晋-基于用户侧信息融合的GAN模拟用户强化学习推荐方法/说明书摘要.pdf","136058","2025-10-22T06:47:18.0000000Z","9B85E14658F64C9B671CE15DF7481AC9017F5A6AD8E5F4A19E0AF28D28F01A6E"
"zhuanli/5.20专利申请/王晋-基于用户侧信息融合的GAN模拟用户强化学习推荐方法/重庆邮电大学专利申请审批表.docx","34847","2025-10-26T11:53:40.0000000Z","FDB239504A7140C387C6851EAACAB1DE803F695C8E47E74C3192B30019925FB7"
"zhuanli/5.20专利申请/杨君鹏-一种训练推理解耦的多模态语义蒸馏方法/权利要求书.pdf","148729","2026-05-11T12:35:08.0000000Z","B2C00229DB2AFA2D92B6D8BC513F0F312F8909EF18BAF690FF3BBF3191C8B521"
"zhuanli/5.20专利申请/杨君鹏-一种训练推理解耦的多模态语义蒸馏方法/说明书.pdf","279304","2026-05-11T12:35:06.0000000Z","04730D8311D8D6BC7CF353CF7A000F1EBB0BCF3831673B3907CBED92A54DB926"
"zhuanli/5.20专利申请/杨君鹏-一种训练推理解耦的多模态语义蒸馏方法/说明书附图.pdf","1164816","2026-05-11T12:35:08.0000000Z","8F709A54ED443B0AC1D9929B8637049CC3DD98377A089B3B910CCF3A05381866"
"zhuanli/5.20专利申请/杨君鹏-一种训练推理解耦的多模态语义蒸馏方法/说明书摘要.pdf","88369","2026-05-11T12:35:06.0000000Z","56F621708F6C974DEC65BD5A68DA52D261C83F0C5862494AF25A6EA373A9E1EE"
"zhuanli/5.20专利申请/专利撰写经验和申请流程8.0.pdf","3564238","2026-04-28T05:20:21.3997431Z","76F60B57658FD37D863E6A1E823469C4B22C3C309BBC9E531A109D53B2DF2E40"
"zhuanli/word转xml.zip","332457716","2026-05-20T07:19:32.7796233Z","81E5B3BCDADC0372D23FA5A96275A3D35D7DEE4952892A4AE006D6B86625C361"
"zhuanli/word转xml/word转xml-安装包-2025.12.18/.NET Framework 4.6.1/NDP461-KB3102436-x86-x64-AllOS-ENU.exe","67681000","2021-07-08T01:51:27.0000000Z","BEAA901E07347D056EFE04E8961D5546C7518FAB9246892178505A7BA631C301"
"zhuanli/word转xml/word转xml-安装包-2025.12.18/Visual C++ Redistributable for Visual Studio 2015-2022/VC_redist.x86.exe","13698296","2024-03-25T07:01:53.0000000Z","AC75A82D873E6B6F98B1D293042380764D7D263C43438E50D564FA58C9F891C2"
"zhuanli/word转xml/word转xml-安装包-2025.12.18/VSTO 4.0 Runtime/vstor_redist.exe","41649696","2024-03-25T02:15:21.0000000Z","9511042EABB4123827D1799154B9B2754C8509CA742D4E1AEA919084563F0B1E"
"zhuanli/word转xml/word转xml-安装包-2025.12.18/word转xml编辑器.exe","4120912","2025-12-17T02:38:24.0000000Z","BFD5EB67A2AB09CAD9CDB3E46009D5BEB240604256C4BC77EF24171FEE8B447E"
"zhuanli/word转xml/word转xml-安装包-2025.12.18/word转xml编辑器.msi","206654464","2025-12-17T02:38:18.0000000Z","3EDF621599986ADA8428A07A839C29E46AE6D76A69F238BB99850B7D5461A673"
"zhuanli/word转xml/WORD转XML编辑器—Word文档编写格式建议.doc","17408","2026-05-20T07:07:08.9541957Z","397595CE88C9C3FD20A6D56A9B98EA70D9A02EADF8BDD3AD13F240642FFFBBFF"
"zhuanli/word转xml/WORD转XML编辑器软件用户操作手册（Windows-WORD）.pdf","3371613","2026-05-20T06:54:03.4441291Z","C0CE1FC1C0253EDCEED0B7367D568D98B5C93BF63C40323F6EF82369B146683E"
"zhuanli/word转xml/WORD转XML编辑器五书模板操作说明.pdf","612437","2026-05-20T07:07:06.8464998Z","E2CC1DF6C7CFAF821662204F84EAA3549AA82ED901D659942346B323D23801A8"
"zhuanli/word转xml/使用WORD转XML编辑器及专利业务办理系统提交XML文件常见问题解答.pdf","1487358","2026-05-20T07:07:04.2997344Z","97FDFF89E8FFEBB9C674B75EEB569AFF9E3E4630D64A6CE40104F8936D556AAF"
"zhuanli/缴费/202605290191113066.pdf","46380","2026-05-29T04:29:20.5321810Z","2D409F5866B7A191D74C3826729839DD104BC44E2DD1717FB3C470B920953DE4"
"zhuanli/缴费/94bfd838-e7b3-4ac6-852e-164373ac03bb.png","54606","2026-05-29T04:30:03.9029750Z","F5A9D20086DD0684131501D223BB2840749BC36267B25FA00AC0D479F8BB8A2B"
"zhuanli/缴费/a5182486-5636-4ff5-87ce-629211fd3d10.png","171846","2026-06-01T08:40:43.6578324Z","D904635663115AFFA5898ECD52CD91CF4A58849EE1CFED452BF744BD8DF4EBAB"
"zhuanli/缴费/取票码.txt","20","2026-06-01T08:43:09.0040954Z","F7CB68EB0888A25C3DE23B0623C46135732109CC9C09FC09DEF6F763689A6FFF"
"zhuanli/旧存档/backup/README.md","1862","2026-04-24T07:53:21.1368159Z","621A51B9C4293E10D261869A861A752DB2F915A75F35592308F961D056D21C81"
"zhuanli/旧存档/backup/txt_backup/发明内容_具体实施方式_初稿.txt","11152","2026-04-23T05:59:22.0659140Z","536E31A1612CB23E66DFB67E99EC6C2E8083F9566A0F5F5D8D33040CCE0A0182"
"zhuanli/旧存档/backup/txt_backup/附图放置位置说明.txt","1959","2026-04-23T07:02:35.8627905Z","4A42F250970E4216388438A24A6A526E6211FD8CCA42423DC3EA12912A6DD07F"
"zhuanli/旧存档/backup/txt_backup/附图说明_及绘图建议_初稿.txt","4873","2026-04-23T06:33:13.7016892Z","79B2EB8BD2E2E4DF137D38908238F49F1DA5526CA414ABDDF3A53828D345923C"
"zhuanli/旧存档/backup/txt_backup/论文路线.txt","464","2026-04-23T05:55:57.0827577Z","725E82EE67AC54A64D563F58441DEDBD234167A964A3CF937418775A547BE133"
"zhuanli/旧存档/backup/txt_backup/权利要求书_初稿.txt","3892","2026-04-23T05:55:02.7845233Z","99CCA9CB868217ED0E5994CDD9A45080BFF21F591D0A9A34E6FCE023EEE9E414"
"zhuanli/旧存档/backup/txt_backup/审批表三段文本_初稿.txt","1791","2026-04-23T06:33:13.7027107Z","223DCF4E79E750743CADCD77073CF4B2ACC0E8045BEC70CA637AD1D3106B2795"
"zhuanli/旧存档/backup/txt_backup/说明书摘要_技术领域_背景技术_初稿.txt","3179","2026-04-23T05:56:13.9898958Z","4F857ED1C3FF910AD175F3082E5C911E4848F9E9B50BB53919854E1255C7541C"
"zhuanli/旧存档/backup/txt_backup/完整说明书_初稿.txt","15594","2026-04-23T07:02:35.8617831Z","155A77F3F18113250C65DD3296EA46C98E97F6F9945E44B171D537C328B33C0E"
"zhuanli/旧存档/backup/txt_backup/五张附图独立生图文案.txt","10060","2026-04-23T06:48:46.1527153Z","4694FB9AF55CA2280A15C676954462CB95850ABCF17148BA05EC607B348232C8"
"zhuanli/旧存档/backup/txt_backup/专利目标.txt","2134","2026-04-23T05:28:23.1138220Z","C6EC52E10945415F994813F666159C74C56AAA7EC3CE87261B9D9063666A5889"
"zhuanli/旧存档/backup/txt_backup/专利写作侧重点_代码与日志版.txt","14443","2026-04-23T07:54:35.2308667Z","E884DFB5E29EE97F8569B448ACEFC52DBD2B295E43BC7CC8665D99421A60966E"
"zhuanli/旧存档/backup/发明内容_具体实施方式_初稿.md","11396","2026-04-23T08:02:13.9394222Z","EE227ED21F41BDD72299735A69486DB1DA72FDC6D95EAF67EC81E8E7D9BD1B44"
"zhuanli/旧存档/backup/附图说明_及绘图建议_初稿.md","5111","2026-04-23T08:02:13.9434237Z","17D62DADFE5563B9F3C8733DD6B6B7B038F01C7D3627975473B84C33B4F4B026"
"zhuanli/旧存档/backup/权利要求书_初稿.md","4104","2026-04-23T08:02:13.9379089Z","D0C37F9318B391091D9D13DE1E812C2B6D88EC3D40771729BDA94937B8537416"
"zhuanli/旧存档/backup/审批表三段文本_初稿.md","2015","2026-04-23T08:02:13.9424306Z","E71812CB41E040BD5068D16C403411CD4DBC039FEEEB48A88F8261E3DCC5DED7"
"zhuanli/旧存档/backup/说明书摘要_技术领域_背景技术_初稿.md","3443","2026-04-23T08:02:13.9389165Z","B73BF8BD1E735972BA44E804039D2A010DDE377613DC65020737A58AD602BA18"
"zhuanli/旧存档/backup/完整说明书_初稿.md","15806","2026-04-23T08:02:13.9414244Z","169204E2304007D0411D1D54F2698BF5FFD26B7D6DBF8CB6324B9BD6E7D15AE5"
"zhuanli/旧存档/md_docs/README.md","3930","2026-04-24T08:09:51.0954128Z","8C59493140288240DCEA6F91B1BFC5841B277B1994C210582F2BFFF5062BCD17"
"zhuanli/旧存档/md_docs/附图放置位置说明.md","2175","2026-04-23T08:02:13.9444237Z","4D658C12A3E07E484D6BFF69B471CF0AEA475489F1E1DD8831A73092282FDDBA"
"zhuanli/旧存档/md_docs/论文路线.md","656","2026-04-23T08:02:13.9363981Z","57F12D40ADD43C6740AFB830AE3FE3E37AE2911EB0B1EE68DFB2D10430D9E64F"
"zhuanli/旧存档/md_docs/权利要求书_修订版.md","4266","2026-04-24T07:37:30.9283929Z","DE71FE63050B3604D24BE80A634CE360235AEDE67E8BDEEBB74C2101C2BD427A"
"zhuanli/旧存档/md_docs/权利要求书_正式排版版.md","4007","2026-04-24T07:58:39.6334455Z","ACF54AC6A1D6A98785DFD70C4EEA0C8DB4CA98E07FE80C4924C1FEAF4127FB39"
"zhuanli/旧存档/md_docs/说明书_正式排版版.md","17063","2026-04-24T08:30:13.9535911Z","2F4DF108A14631FDDAE73BBFB622D48F41C6F86E08EF466D40C949F61314A6A1"
"zhuanli/旧存档/md_docs/说明书摘要_正式排版版.md","858","2026-04-24T07:58:39.6334455Z","FFEF97CA92E93670284C283F7E1B91D9BADFFBB2A9B1602970B35A012825597C"
"zhuanli/旧存档/md_docs/完整说明书_修订版.md","18149","2026-04-24T08:30:13.9535911Z","AD1298872D4E3FF705041F76EADE8CA360B537F4A0C962456E4B256A56631FAC"
"zhuanli/旧存档/md_docs/五张附图独立生图文案.md","10288","2026-04-23T08:02:13.9459275Z","0D6572A7EEF3DAB8218A80C00C869613334EAB66472119660C70D591953AF82D"
"zhuanli/旧存档/md_docs/专利目标.md","2326","2026-04-23T08:02:13.9353983Z","D7A230F782C17CF40291CF96BAECB1DBB054A7C4BC448B244D90727EDAA9E8C0"
"zhuanli/旧存档/md_docs/专利申请表填写指南_当前版.md","5579","2026-04-23T08:13:32.3229077Z","4C3CAC039CAA7633504B7B66F18AB07864D5601182B3BEABB67480FD679837C5"
"zhuanli/旧存档/md_docs/专利写作侧重点_代码与日志版.md","20963","2026-04-24T08:47:40.3177600Z","F9C224DAFFF91EF5CE5C36D186BC2B17A8BB728AC207F65B0A8CD582B429B050"
"zhuanli/图/处理后/图1.png","393004","2026-07-11T10:46:25.7819677Z","33E1221740665024116AFFB7D7EBAABAA147F7CBCFD90CA9809046B3B886A5F9"
"zhuanli/图/处理后/图2.png","445758","2026-07-11T10:46:25.8201784Z","9B1E56BF44AB5B6BA37113B0F312890E0C096F229E580D00C3F49B554EABBD79"
"zhuanli/图/处理后/图3.png","418291","2026-07-11T10:46:25.8544023Z","71B81FE33B927CBC3784F4E3B6F190E2EFC11E259C4383F025C768E662B87152"
"zhuanli/图/处理后/图4.png","446536","2026-07-11T10:46:25.8904379Z","43C94AD12059AE9D874D30D6A7DA04070EBB4BDDC61B78CDB9377E21555AB3D4"
"zhuanli/图/处理后/图5.png","484795","2026-07-11T10:46:25.9273011Z","52353B0834D12D01A0EFBBB9852C15F739674D8C3B808243BE191D72847EBE9F"
"zhuanli/图/图1.png","442895","2026-04-23T07:40:41.0300604Z","E21DDFAA1F805DE2525F1A5240C856D7538C43C130C0C9A96BA0A34DA775A2DF"
"zhuanli/图/图2.png","509793","2026-04-23T06:54:57.9900632Z","F0AAE3DA7041325DA6B183144F74186B8D547A20EA7A6EF13FADB6300A10EF24"
"zhuanli/图/图3.png","508216","2026-04-23T06:56:57.1180465Z","043A5A9F89E9A4A5BA2D86E2030BB356B20EC511B2020E15F0579D380734076A"
"zhuanli/图/图4.png","546095","2026-04-23T07:39:50.2958638Z","213C03CFD1284C6E8DCC61B22A81E0D5C37D22E317921A35FF9E6D5FE2DF67E1"
"zhuanli/图/图5.png","561768","2026-04-23T07:47:53.5827442Z","A1502A4EDBD16E62A852CE931535D710D2D66F19A4E319AEE002BB1AE31F0BA8"
"zhuanli/杨君鹏受理.zip","250027","2026-05-29T01:09:48.0000000Z","BE8D6D7041577CCE5E835F21391E5F215C247366A383C94FB2506B69748E5904"
"zhuanli/杨君鹏-一种训练推理解耦的多模态语义蒸馏方法/权利要求书.zip","16521","2026-05-20T08:52:24.1729021Z","00415D61092B742725DCC11DE9887D42687102D56E9E16B8A7746CCAC4888A01"
"zhuanli/杨君鹏-一种训练推理解耦的多模态语义蒸馏方法/说明书.zip","133193","2026-05-20T08:59:28.8926566Z","F50595E2A384E1FD02531E1E7E9FC06F0514FB72058A277AB96EF997FF8E0E3D"
"zhuanli/杨君鹏-一种训练推理解耦的多模态语义蒸馏方法/说明书附图.zip","1250864","2026-05-20T08:58:53.2881193Z","C89A5CB9E94732CF109BD2C29157793F537F3D45B45CA207D11EED76AD703FBC"
"zhuanli/杨君鹏-一种训练推理解耦的多模态语义蒸馏方法/说明书摘要.zip","858","2026-05-20T08:51:48.7688075Z","AAF29126FD8F35598E9DB17E134E1DF744AE618544B235A98EB7BE3BC2F196C9"
"zhuanli/杨君鹏-一种训练推理解耦的多模态语义蒸馏方法/杨君鹏-一种训练推理解耦的多模态语义蒸馏方法.zip","1206471","2026-05-25T15:57:18.3826498Z","9CFB26D4733F43D558A4197DF212084729546179C92B0A161E9CCCEA4A8EA5C2"
"zhuanli/专利网参考/CN202411456643/CN202411456643_FullTextImage.pdf","1723922","2026-04-24T07:14:40.0000000Z","DA48436136A3F63C15036C2071361F69AC5E30DB0ACDA1C7350C15D30DD8FDFB"
"zhuanli/专利网参考/CN202411456643/images/Abstract.png","166604","2026-04-24T07:14:40.0000000Z","ABD18AEB60F5C65E408E77E713C4A44929FE99C5C4B2B3F2A84682F959D05184"
"zhuanli/专利网参考/CN202411608807/CN202411608807_FullTextImage.pdf","1117007","2026-04-24T07:27:34.0000000Z","55A17189BC24AE0C3CA4A76346354B3B1CD8F1DDF46AE5E9F058F00EC713611E"
"zhuanli/专利网参考/CN202411608807/images/Abstract.png","229938","2026-04-24T07:27:34.0000000Z","8082B566A67F839E5B203136EDCBC8DBAAA575FD32E436A8F9477A8A92B408C7"
"zhuanli/专利网参考/CN202511631237/CN202511631237_FullTextImage.pdf","1427056","2026-04-24T07:32:00.0000000Z","55332A47800D17C1EC557D2EC8F1142A75876B93E55F74B1649DFE05D17DC4D2"
"zhuanli/专利网参考/CN202511631237/images/Abstract.png","268057","2026-04-24T07:32:00.0000000Z","56A254C2BD89FA30A3B84C17E018315FD63486ADF5E5F23C96E8524B3ACF0EE2"
"zhuanli/专利网参考/CN202511824631/CN202511824631_FullTextImage.pdf","1082548","2026-04-24T07:27:18.0000000Z","E824823D813AE84B12E11CEA10E986729C96E5576E86D6D05C181A5E4F97B3FC"
"zhuanli/专利网参考/CN202511824631/images/Abstract.png","99982","2026-04-24T07:27:18.0000000Z","09BE769CFA0FDF8961671E9F448DC7429AA0F5A46C73C8A822AC2766CC0C70E0"
"zhuanli/专利网参考/CN202511824752/CN202511824752_FullTextImage.pdf","1046189","2026-04-24T07:26:54.0000000Z","4E0B712DA1F96F462772DF1239B1F529E47EBC7A8877176F51610E5DF93AAC37"
"zhuanli/专利网参考/CN202511824752/images/Abstract.png","95900","2026-04-24T07:26:56.0000000Z","FFA027C2BD3E652D3D0243ADF3994A06D9F65E68BACC029B19C3F7B2F572B30C"
"zhuanli/最终版/bak权利要求书.docx","46347","2026-04-27T11:18:11.0129211Z","6F51A5ACC88E30B139CE267C825E8B314C5F1437CC2331ECB89C67A0450F4B68"
"zhuanli/最终版/bak说明书.docx","61236","2026-04-27T11:21:00.9339844Z","E362CF69E0CAA86F2BA2C0CCDC4433B836B6D1B828EBC31512152CF1F0061DB2"
"zhuanli/最终版/bak说明书附图.docx","2600856","2026-04-27T11:01:38.2384407Z","1F0A38D4EA68A3507C271993BBBBCEFD7D114657B7AEBA40606F596053448072"
"zhuanli/最终版/bak说明书摘要.docx","29987","2026-04-27T11:17:41.9102339Z","10B1E0D8DB59962BD7B79C48AD837BC6F9B9752D889DFD235ECEECA5BC30D006"
"zhuanli/最终版/计算机学院专利申请流程  202601.pdf","237125","2026-04-28T05:20:17.5615313Z","11EF4CCE499FBAEDDAA13C62ED0A4FF8EE82AF6D7B323BE7C810FD5AEF9290E1"
"zhuanli/最终版/权利要求书.docx","46672","2026-05-20T06:58:10.8128454Z","87340217DD61EB98A9F58D59218DC4FA76F42150C08F03B241CD38918E3D879D"
"zhuanli/最终版/权利要求书.pdf","148729","2026-04-27T11:21:20.3387821Z","B2C00229DB2AFA2D92B6D8BC513F0F312F8909EF18BAF690FF3BBF3191C8B521"
"zhuanli/最终版/权利要求书/100001/100001.xml","7357","2026-05-20T06:58:52.1740279Z","433AB94CE50743D065E05C175E24867D868465BF18592DB1608F9DB6CA7EEA4D"
"zhuanli/最终版/权利要求书/100001/100001_1.jpg","2234","2026-05-20T06:58:48.5669380Z","8CA900F41FD344E241FEDB52ECF7C610445AEC7B38C148D764B8BED294EC5B05"
"zhuanli/最终版/权利要求书/100001/100001_2.jpg","2406","2026-05-20T06:58:49.0647666Z","F02F2972544171DB37EB4C451A2F21A9CF0FFA86EDCDB8E5C95F90C696E31C0D"
"zhuanli/最终版/权利要求书/100001/100001_3.jpg","2351","2026-05-20T06:58:49.5912284Z","E0BF059452B2BE68074BA1D165CE56310326D97C10E97D1510AF186D07CC457B"
"zhuanli/最终版/权利要求书/100001/100001_4.jpg","2515","2026-05-20T06:58:50.0718109Z","27857807359E932BDC9CF70B0F6130BCDFD4909649EE10BA1BD0E10969E43FC7"
"zhuanli/最终版/权利要求书/100001/100001_5.jpg","1178","2026-05-20T06:58:50.5828847Z","7F43D280C5346B59EBB89058053F4D1030CA8EE41A92D3A844BE39777BC227BD"
"zhuanli/最终版/权利要求书/100001/100001_6.jpg","1457","2026-05-20T06:58:51.0657610Z","9AF78A2D55296B42E8330BB876BF88E649B746E43083F4E680540ED9DF379E30"
"zhuanli/最终版/权利要求书/100001/100001_7.jpg","1187","2026-05-20T06:58:51.6637393Z","1BF7DD756CC68396676A3888AA14A3EAE4384F5448E026F350F9ADFCD8C5F083"
"zhuanli/最终版/权利要求书/100001/100001_8.jpg","1393","2026-05-20T06:58:52.1666965Z","EAD3E7219899E0F495F095FC77C0B3B92048AF7CD5F08CA522331236464AADCE"
"zhuanli/最终版/扫描件.pdf","113748","2026-05-08T08:09:33.5636435Z","074BE60CFBABBD0326E89FBD379852FE04F2634AD29714423DFBA00FC849E398"
"zhuanli/最终版/说明书.docx","62785","2026-05-20T07:22:35.1171805Z","CBB0089EC5934F84B1830B45DC04F095AE7CAE9605345A3EEE24DCFFE8DF6863"
"zhuanli/最终版/说明书.pdf","279304","2026-04-27T11:21:19.4881331Z","04730D8311D8D6BC7CF353CF7A000F1EBB0BCF3831673B3907CBED92A54DB926"
"zhuanli/最终版/说明书/100002/100002.xml","35739","2026-05-20T07:22:55.5580356Z","CACCB4725D78261B15CFBBF3C43A3F3C9E06273166CE9C296DC036FCB345AA96"
"zhuanli/最终版/说明书/100002/100002_1.jpg","22028","2026-05-20T07:22:39.2338442Z","69C0E2C48EF1BF9998088B43867E2A643036139565A17CE10A06AFE7A9F3BBC6"
"zhuanli/最终版/说明书/100002/100002_10.jpg","1334","2026-05-20T07:22:44.2028891Z","DB0398E9FCB84381CCF362129D5D54A0EFF2085D2BE6BAC966F4B74C8E6BCB5F"
"zhuanli/最终版/说明书/100002/100002_11.jpg","2832","2026-05-20T07:22:44.6867909Z","D4E58DD42F122FFA395B4E0FE5F9D30299882BED797929DBE9A279E54BE9D5FC"
"zhuanli/最终版/说明书/100002/100002_12.jpg","3991","2026-05-20T07:22:45.1668871Z","DB4DFE8B2CE5FED96FC3819EEB9A8CE09550BFBED27D0C38630FB8F39342CA0A"
"zhuanli/最终版/说明书/100002/100002_13.jpg","1819","2026-05-20T07:22:45.7035717Z","54EFACF03FF26272626A5B78E0C15C6C3EDD1C173636F653E521BF8F709FCC56"
"zhuanli/最终版/说明书/100002/100002_14.jpg","1915","2026-05-20T07:22:46.2271441Z","3FB33A97B037224707242466910DA94878B8E0E695582E426CDACA3F7CDE019F"
"zhuanli/最终版/说明书/100002/100002_15.jpg","18400","2026-05-20T07:22:46.7969029Z","7412E814417664D5E610799D6293446DF1D16AACB3B4BB638290FF2A2729E2F6"
"zhuanli/最终版/说明书/100002/100002_16.jpg","3991","2026-05-20T07:22:47.4186268Z","DB4DFE8B2CE5FED96FC3819EEB9A8CE09550BFBED27D0C38630FB8F39342CA0A"
"zhuanli/最终版/说明书/100002/100002_17.jpg","2054","2026-05-20T07:22:48.0626730Z","EE3C8EF80B519C86B0A5877C292EA7441E08690180DE5C41B92902AA8D7151E1"
"zhuanli/最终版/说明书/100002/100002_18.jpg","2180","2026-05-20T07:22:48.6061218Z","4B644466269E72BC20C93BFEAC4066748C20081DDD2C7CCE294DA1F1D6FC9E11"
"zhuanli/最终版/说明书/100002/100002_19.jpg","2257","2026-05-20T07:22:49.1508448Z","5EDD28F49D103F435B9DD8A830B091075BC021E0EED1CC5001205E5F18109521"
"zhuanli/最终版/说明书/100002/100002_2.jpg","17210","2026-05-20T07:22:39.8238434Z","1035A6C26BA5F5D774D412E9723A02AE1FF1C73620687D0ED53CEEBB4FC28885"
"zhuanli/最终版/说明书/100002/100002_20.jpg","2392","2026-05-20T07:22:49.6997317Z","03D3F0EEE8ACE06F3FDBFEBAFE025CD4A6E3F61F6AD143AEB3CDC6C851B6B831"
"zhuanli/最终版/说明书/100002/100002_21.jpg","2234","2026-05-20T07:22:50.2060792Z","8CA900F41FD344E241FEDB52ECF7C610445AEC7B38C148D764B8BED294EC5B05"
"zhuanli/最终版/说明书/100002/100002_22.jpg","2406","2026-05-20T07:22:50.8305755Z","F02F2972544171DB37EB4C451A2F21A9CF0FFA86EDCDB8E5C95F90C696E31C0D"
"zhuanli/最终版/说明书/100002/100002_23.jpg","2351","2026-05-20T07:22:51.3579921Z","E0BF059452B2BE68074BA1D165CE56310326D97C10E97D1510AF186D07CC457B"
"zhuanli/最终版/说明书/100002/100002_24.jpg","2515","2026-05-20T07:22:51.8745211Z","27857807359E932BDC9CF70B0F6130BCDFD4909649EE10BA1BD0E10969E43FC7"
"zhuanli/最终版/说明书/100002/100002_25.jpg","1178","2026-05-20T07:22:52.3828008Z","7F43D280C5346B59EBB89058053F4D1030CA8EE41A92D3A844BE39777BC227BD"
"zhuanli/最终版/说明书/100002/100002_26.jpg","1457","2026-05-20T07:22:52.8856817Z","9AF78A2D55296B42E8330BB876BF88E649B746E43083F4E680540ED9DF379E30"
"zhuanli/最终版/说明书/100002/100002_27.jpg","1187","2026-05-20T07:22:53.4358933Z","1BF7DD756CC68396676A3888AA14A3EAE4384F5448E026F350F9ADFCD8C5F083"
"zhuanli/最终版/说明书/100002/100002_28.jpg","1393","2026-05-20T07:22:53.9499990Z","EAD3E7219899E0F495F095FC77C0B3B92048AF7CD5F08CA522331236464AADCE"
"zhuanli/最终版/说明书/100002/100002_29.jpg","1993","2026-05-20T07:22:54.4679504Z","A88CFCE94768BD68F747FD6F2B87BB4050FE8BEA9847BEC734B36FF5A0AB763F"
"zhuanli/最终版/说明书/100002/100002_3.jpg","1885","2026-05-20T07:22:40.3458783Z","B8427C968C88B817C7D748ADB5AB920CBCDE55E0210316346D17D22663050D36"
"zhuanli/最终版/说明书/100002/100002_30.jpg","1934","2026-05-20T07:22:54.9986939Z","C6B0E6CF4594B314E05A8C5CEA0C6EBFC44335F7EB0BE21CAD12112070C93ABF"
"zhuanli/最终版/说明书/100002/100002_31.jpg","3813","2026-05-20T07:22:55.5158742Z","729C966C36973C0691BF5462DEC3BF1E0514F1C54106D3E5948994B58E5E6F07"
"zhuanli/最终版/说明书/100002/100002_4.jpg","2344","2026-05-20T07:22:40.8719248Z","9D66F94FA3F363E672645D5E7B301A64978681A21E3BB810830C42BBB3DC1434"
"zhuanli/最终版/说明书/100002/100002_5.jpg","1581","2026-05-20T07:22:41.4176735Z","0D9BE2DFD5C799A810446D4E91E60DE5A8E62C9FCB1A0B1E6316835A2E598B0A"
"zhuanli/最终版/说明书/100002/100002_6.jpg","2308","2026-05-20T07:22:41.9248208Z","A6092FC734C6A968F897AA8C8A9490526C7339CD53CC9F949C499A5BB2338E36"
"zhuanli/最终版/说明书/100002/100002_7.jpg","1581","2026-05-20T07:22:42.4499757Z","0D9BE2DFD5C799A810446D4E91E60DE5A8E62C9FCB1A0B1E6316835A2E598B0A"
"zhuanli/最终版/说明书/100002/100002_8.jpg","5431","2026-05-20T07:22:42.9889022Z","2D89C7C0608BD3787877140327A117E6356423BBA90C385076BC9D3CBC08EBDC"
"zhuanli/最终版/说明书/100002/100002_9.jpg","9286","2026-05-20T07:22:43.5546878Z","6DA59557ED236A2261E353D0FE946D13128CE6739FE452B6F29A80A39DB47637"
"zhuanli/最终版/说明书附图.docx","2604143","2026-05-20T07:24:05.2525134Z","B264CDE4E08FC37D04C521675148F73B93C1268BDD5AE4BE0E409223DFCE11AA"
"zhuanli/最终版/说明书附图.pdf","1164816","2026-04-27T11:21:21.7805218Z","8F709A54ED443B0AC1D9929B8637049CC3DD98377A089B3B910CCF3A05381866"
"zhuanli/最终版/说明书附图/100003/100003.xml","1843","2026-05-25T06:22:57.9457846Z","28A3CC828C0C6EA37DF9B58A132BBF9997FC26AEE3D550A667EE73E176C14CEF"
"zhuanli/最终版/说明书附图/100003/100003_1.jpg","252689","2026-05-25T06:22:57.7454004Z","C2F69EE49A3BD095615082D73B83BD6414FF8E288AB60A327538B7B0B016F204"
"zhuanli/最终版/说明书附图/100003/100003_2.jpg","300886","2026-05-25T06:22:57.7906911Z","41F2DD2141712F1E34FB0434C77CC9E9CFD4D1FE0B607209CC3D702A276C89F5"
"zhuanli/最终版/说明书附图/100003/100003_3.jpg","274943","2026-05-25T06:22:57.8318845Z","DC9F4135BD6ED952BDD2DF3150155DD58EF545A5133DD4306C06AC722C20C5F2"
"zhuanli/最终版/说明书附图/100003/100003_4.jpg","283773","2026-05-25T06:22:57.8756790Z","B3A81355ECCA7CFDBAED40C6A74C5D6D0ABBAEA7CCB641701B0F795B24187074"
"zhuanli/最终版/说明书附图/100003/100003_5.jpg","311572","2026-05-25T06:22:57.9202058Z","0A518C1C6ACA6A84CA168883B3F0F01F6BEE75ABF1554C7B3583435A83BB03F8"
"zhuanli/最终版/说明书摘要.docx","33138","2026-05-20T07:23:49.1835662Z","126FA40FE00CC40D5C85400CCCD4D468431A412DE88E7DFEF946CA99DB31E1EE"
"zhuanli/最终版/说明书摘要.pdf","88369","2026-04-27T11:21:20.8397305Z","56F621708F6C974DEC65BD5A68DA52D261C83F0C5862494AF25A6EA373A9E1EE"
"zhuanli/最终版/说明书摘要/100004/100004.xml","1110","2026-05-20T07:23:50.8007909Z","BB832980A086DBCB95F6A85A57CE79A0969D58AC6A2E93E2DEF3C02FFDA10432"
"zhuanli/最终版/杨君鹏专利申请表.docx","21358","2026-04-28T13:42:26.5682801Z","426063D55D7347132172A77602A84B41B28DDFD9A93294D9A4C31138CACD8AF5"
"zhuanli/最终版/杨君鹏专利申请表.pdf","144905","2026-04-28T13:43:42.5477516Z","83A5D212F7FB65FA9DE2B6D58CE2E62DBD813072C2AE3928F2276775E9ADD828"
"zhuanli/最终版/专利申请表.docx","20067","2026-04-27T11:39:02.6741970Z","400F349CAED64B9D7387E0215C0BA7895A5BD52188AA23D76E093E4BF2CE82F4"
"zhuanli/最终版/专利撰写经验和申请流程8.0.pdf","3564238","2026-04-28T05:20:21.3997431Z","76F60B57658FD37D863E6A1E823469C4B22C3C309BBC9E531A109D53B2DF2E40"
"zhuanli/最终版111.zip","7745982","2026-04-29T02:50:18.2691320Z","7C3FD285AD4E5345B297C4B1339E42671690B87CDAD82F398E92C3612DE174AB"
"zhuanli/最终版111/1/100001/100001.xml","7357","2026-07-11T12:14:28.0000000Z","433AB94CE50743D065E05C175E24867D868465BF18592DB1608F9DB6CA7EEA4D"
"zhuanli/最终版111/1/100001/100001_1.jpg","2234","2026-07-11T12:14:24.0000000Z","8CA900F41FD344E241FEDB52ECF7C610445AEC7B38C148D764B8BED294EC5B05"
"zhuanli/最终版111/1/100001/100001_2.jpg","2406","2026-07-11T12:14:24.0000000Z","F02F2972544171DB37EB4C451A2F21A9CF0FFA86EDCDB8E5C95F90C696E31C0D"
"zhuanli/最终版111/1/100001/100001_3.jpg","2351","2026-07-11T12:14:26.0000000Z","E0BF059452B2BE68074BA1D165CE56310326D97C10E97D1510AF186D07CC457B"
"zhuanli/最终版111/1/100001/100001_4.jpg","2515","2026-07-11T12:14:26.0000000Z","27857807359E932BDC9CF70B0F6130BCDFD4909649EE10BA1BD0E10969E43FC7"
"zhuanli/最终版111/1/100001/100001_5.jpg","1178","2026-07-11T12:14:26.0000000Z","7F43D280C5346B59EBB89058053F4D1030CA8EE41A92D3A844BE39777BC227BD"
"zhuanli/最终版111/1/100001/100001_6.jpg","1457","2026-07-11T12:14:28.0000000Z","9AF78A2D55296B42E8330BB876BF88E649B746E43083F4E680540ED9DF379E30"
"zhuanli/最终版111/1/100001/100001_7.jpg","1187","2026-07-11T12:14:28.0000000Z","1BF7DD756CC68396676A3888AA14A3EAE4384F5448E026F350F9ADFCD8C5F083"
"zhuanli/最终版111/1/100001/100001_8.jpg","1393","2026-07-11T12:14:28.0000000Z","EAD3E7219899E0F495F095FC77C0B3B92048AF7CD5F08CA522331236464AADCE"
"zhuanli/最终版111/1/100002/100002.xml","35739","2026-07-11T12:21:16.0000000Z","0D0E82BA463A3AF17D39B8AA0AD4E3FCC0D97D4B9FAFAAA0940368F36579EB68"
"zhuanli/最终版111/1/100002/100002_1.jpg","22028","2026-07-11T12:20:56.0000000Z","69C0E2C48EF1BF9998088B43867E2A643036139565A17CE10A06AFE7A9F3BBC6"
"zhuanli/最终版111/1/100002/100002_10.jpg","1334","2026-07-11T12:21:02.0000000Z","DB0398E9FCB84381CCF362129D5D54A0EFF2085D2BE6BAC966F4B74C8E6BCB5F"
"zhuanli/最终版111/1/100002/100002_11.jpg","2832","2026-07-11T12:21:02.0000000Z","D4E58DD42F122FFA395B4E0FE5F9D30299882BED797929DBE9A279E54BE9D5FC"
"zhuanli/最终版111/1/100002/100002_12.jpg","3991","2026-07-11T12:21:04.0000000Z","DB4DFE8B2CE5FED96FC3819EEB9A8CE09550BFBED27D0C38630FB8F39342CA0A"
"zhuanli/最终版111/1/100002/100002_13.jpg","1819","2026-07-11T12:21:04.0000000Z","54EFACF03FF26272626A5B78E0C15C6C3EDD1C173636F653E521BF8F709FCC56"
"zhuanli/最终版111/1/100002/100002_14.jpg","1915","2026-07-11T12:21:04.0000000Z","3FB33A97B037224707242466910DA94878B8E0E695582E426CDACA3F7CDE019F"
"zhuanli/最终版111/1/100002/100002_15.jpg","18400","2026-07-11T12:21:06.0000000Z","7412E814417664D5E610799D6293446DF1D16AACB3B4BB638290FF2A2729E2F6"
"zhuanli/最终版111/1/100002/100002_16.jpg","3991","2026-07-11T12:21:06.0000000Z","DB4DFE8B2CE5FED96FC3819EEB9A8CE09550BFBED27D0C38630FB8F39342CA0A"
"zhuanli/最终版111/1/100002/100002_17.jpg","2054","2026-07-11T12:21:06.0000000Z","EE3C8EF80B519C86B0A5877C292EA7441E08690180DE5C41B92902AA8D7151E1"
"zhuanli/最终版111/1/100002/100002_18.jpg","2180","2026-07-11T12:21:08.0000000Z","4B644466269E72BC20C93BFEAC4066748C20081DDD2C7CCE294DA1F1D6FC9E11"
"zhuanli/最终版111/1/100002/100002_19.jpg","2257","2026-07-11T12:21:08.0000000Z","5EDD28F49D103F435B9DD8A830B091075BC021E0EED1CC5001205E5F18109521"
"zhuanli/最终版111/1/100002/100002_2.jpg","17210","2026-07-11T12:20:56.0000000Z","1035A6C26BA5F5D774D412E9723A02AE1FF1C73620687D0ED53CEEBB4FC28885"
"zhuanli/最终版111/1/100002/100002_20.jpg","2392","2026-07-11T12:21:08.0000000Z","03D3F0EEE8ACE06F3FDBFEBAFE025CD4A6E3F61F6AD143AEB3CDC6C851B6B831"
"zhuanli/最终版111/1/100002/100002_21.jpg","2234","2026-07-11T12:21:10.0000000Z","8CA900F41FD344E241FEDB52ECF7C610445AEC7B38C148D764B8BED294EC5B05"
"zhuanli/最终版111/1/100002/100002_22.jpg","2406","2026-07-11T12:21:10.0000000Z","F02F2972544171DB37EB4C451A2F21A9CF0FFA86EDCDB8E5C95F90C696E31C0D"
"zhuanli/最终版111/1/100002/100002_23.jpg","2351","2026-07-11T12:21:10.0000000Z","E0BF059452B2BE68074BA1D165CE56310326D97C10E97D1510AF186D07CC457B"
"zhuanli/最终版111/1/100002/100002_24.jpg","2515","2026-07-11T12:21:12.0000000Z","27857807359E932BDC9CF70B0F6130BCDFD4909649EE10BA1BD0E10969E43FC7"
"zhuanli/最终版111/1/100002/100002_25.jpg","1178","2026-07-11T12:21:12.0000000Z","7F43D280C5346B59EBB89058053F4D1030CA8EE41A92D3A844BE39777BC227BD"
"zhuanli/最终版111/1/100002/100002_26.jpg","1457","2026-07-11T12:21:12.0000000Z","9AF78A2D55296B42E8330BB876BF88E649B746E43083F4E680540ED9DF379E30"
"zhuanli/最终版111/1/100002/100002_27.jpg","1187","2026-07-11T12:21:14.0000000Z","1BF7DD756CC68396676A3888AA14A3EAE4384F5448E026F350F9ADFCD8C5F083"
"zhuanli/最终版111/1/100002/100002_28.jpg","1393","2026-07-11T12:21:14.0000000Z","EAD3E7219899E0F495F095FC77C0B3B92048AF7CD5F08CA522331236464AADCE"
"zhuanli/最终版111/1/100002/100002_29.jpg","1993","2026-07-11T12:21:14.0000000Z","A88CFCE94768BD68F747FD6F2B87BB4050FE8BEA9847BEC734B36FF5A0AB763F"
"zhuanli/最终版111/1/100002/100002_3.jpg","1885","2026-07-11T12:20:58.0000000Z","B8427C968C88B817C7D748ADB5AB920CBCDE55E0210316346D17D22663050D36"
"zhuanli/最终版111/1/100002/100002_30.jpg","1934","2026-07-11T12:21:16.0000000Z","C6B0E6CF4594B314E05A8C5CEA0C6EBFC44335F7EB0BE21CAD12112070C93ABF"
"zhuanli/最终版111/1/100002/100002_31.jpg","3813","2026-07-11T12:21:16.0000000Z","729C966C36973C0691BF5462DEC3BF1E0514F1C54106D3E5948994B58E5E6F07"
"zhuanli/最终版111/1/100002/100002_4.jpg","2344","2026-07-11T12:20:58.0000000Z","9D66F94FA3F363E672645D5E7B301A64978681A21E3BB810830C42BBB3DC1434"
"zhuanli/最终版111/1/100002/100002_5.jpg","1581","2026-07-11T12:20:58.0000000Z","0D9BE2DFD5C799A810446D4E91E60DE5A8E62C9FCB1A0B1E6316835A2E598B0A"
"zhuanli/最终版111/1/100002/100002_6.jpg","2308","2026-07-11T12:21:00.0000000Z","A6092FC734C6A968F897AA8C8A9490526C7339CD53CC9F949C499A5BB2338E36"
"zhuanli/最终版111/1/100002/100002_7.jpg","1581","2026-07-11T12:21:00.0000000Z","0D9BE2DFD5C799A810446D4E91E60DE5A8E62C9FCB1A0B1E6316835A2E598B0A"
"zhuanli/最终版111/1/100002/100002_8.jpg","5431","2026-07-11T12:21:00.0000000Z","2D89C7C0608BD3787877140327A117E6356423BBA90C385076BC9D3CBC08EBDC"
"zhuanli/最终版111/1/100002/100002_9.jpg","9723","2026-07-11T12:21:02.0000000Z","2B030A71FC7362A36FA6EB7B8317E07FBAB20B7D16033DDC59866F6B086DBFF2"
"zhuanli/最终版111/1/100003/100003.xml","1342","2026-07-11T13:13:08.0000000Z","65225EFAC264EA8957CFC8EB440BA61E42A38CDF07C90EE6F6DC124F68D977BD"
"zhuanli/最终版111/1/100003/100003_1.jpg","252689","2026-07-11T13:13:08.0000000Z","C2F69EE49A3BD095615082D73B83BD6414FF8E288AB60A327538B7B0B016F204"
"zhuanli/最终版111/1/100003/100003_2.jpg","300886","2026-07-11T13:13:08.0000000Z","41F2DD2141712F1E34FB0434C77CC9E9CFD4D1FE0B607209CC3D702A276C89F5"
"zhuanli/最终版111/1/100003/100003_3.jpg","274943","2026-07-11T13:13:08.0000000Z","DC9F4135BD6ED952BDD2DF3150155DD58EF545A5133DD4306C06AC722C20C5F2"
"zhuanli/最终版111/1/100003/100003_4.jpg","283773","2026-07-11T13:13:08.0000000Z","B3A81355ECCA7CFDBAED40C6A74C5D6D0ABBAEA7CCB641701B0F795B24187074"
"zhuanli/最终版111/1/100003/100003_5.jpg","311572","2026-07-11T13:13:08.0000000Z","0A518C1C6ACA6A84CA168883B3F0F01F6BEE75ABF1554C7B3583435A83BB03F8"
"zhuanli/最终版111/1/100004/100004.xml","1110","2026-07-11T12:22:04.0000000Z","BB832980A086DBCB95F6A85A57CE79A0969D58AC6A2E93E2DEF3C02FFDA10432"
"zhuanli/最终版111/7.11更新版.zip","1400423","2026-07-11T13:14:03.5434137Z","641BBDCDD6B89E6B9EF25FD6CB1E74638E65F402E73A814E53996FF9920FDDEA"
"zhuanli/最终版111/bakWORD转XML编辑器五书模板文件.docx","2621894","2026-05-25T15:55:09.7022387Z","EABC2D92D269773C591981986563822A308474DC6908E1079CFE439AE76BCF7D"
"zhuanli/最终版111/WORD转XML编辑器五书模板文件.docx","2621894","2026-05-25T15:55:09.7022387Z","EABC2D92D269773C591981986563822A308474DC6908E1079CFE439AE76BCF7D"
"zhuanli/最终版111/WORD转XML编辑器五书模板文件/100001/100001.xml","7615","2026-07-11T13:11:49.7852791Z","016643875318ACD84FD342DD8D373A8BEBADC33CA813F515800BFFABC51C1C51"
"zhuanli/最终版111/WORD转XML编辑器五书模板文件/100001/100001_1.jpg","2234","2026-07-11T13:11:45.8842875Z","8CA900F41FD344E241FEDB52ECF7C610445AEC7B38C148D764B8BED294EC5B05"
"zhuanli/最终版111/WORD转XML编辑器五书模板文件/100001/100001_2.jpg","2406","2026-07-11T13:11:46.4740133Z","F02F2972544171DB37EB4C451A2F21A9CF0FFA86EDCDB8E5C95F90C696E31C0D"
"zhuanli/最终版111/WORD转XML编辑器五书模板文件/100001/100001_3.jpg","2351","2026-07-11T13:11:46.9551457Z","E0BF059452B2BE68074BA1D165CE56310326D97C10E97D1510AF186D07CC457B"
"zhuanli/最终版111/WORD转XML编辑器五书模板文件/100001/100001_4.jpg","2515","2026-07-11T13:11:47.4901674Z","27857807359E932BDC9CF70B0F6130BCDFD4909649EE10BA1BD0E10969E43FC7"
"zhuanli/最终版111/WORD转XML编辑器五书模板文件/100001/100001_5.jpg","1178","2026-07-11T13:11:48.0224026Z","7F43D280C5346B59EBB89058053F4D1030CA8EE41A92D3A844BE39777BC227BD"
"zhuanli/最终版111/WORD转XML编辑器五书模板文件/100001/100001_6.jpg","1457","2026-07-11T13:11:48.6502424Z","9AF78A2D55296B42E8330BB876BF88E649B746E43083F4E680540ED9DF379E30"
"zhuanli/最终版111/WORD转XML编辑器五书模板文件/100001/100001_7.jpg","1187","2026-07-11T13:11:49.2739590Z","1BF7DD756CC68396676A3888AA14A3EAE4384F5448E026F350F9ADFCD8C5F083"
"zhuanli/最终版111/WORD转XML编辑器五书模板文件/100001/100001_8.jpg","1393","2026-07-11T13:11:49.7702111Z","EAD3E7219899E0F495F095FC77C0B3B92048AF7CD5F08CA522331236464AADCE"
"zhuanli/最终版111/WORD转XML编辑器五书模板文件/100002/100002.xml","35759","2026-07-11T13:12:09.0858451Z","54D86F72FC535E42A08CB40DEB79F391FA22436BCA4C8E7F47809A669E05B77B"
"zhuanli/最终版111/WORD转XML编辑器五书模板文件/100002/100002_1.jpg","23517","2026-07-11T13:11:50.8060814Z","AC2860FA1D01FEAEF6E98FBBCC7D65EF2FBB38BDFD624C3EAB6454DF0D409FC1"
"zhuanli/最终版111/WORD转XML编辑器五书模板文件/100002/100002_10.jpg","1334","2026-07-11T13:11:56.3326038Z","DB0398E9FCB84381CCF362129D5D54A0EFF2085D2BE6BAC966F4B74C8E6BCB5F"
"zhuanli/最终版111/WORD转XML编辑器五书模板文件/100002/100002_11.jpg","2832","2026-07-11T13:11:57.0307982Z","D4E58DD42F122FFA395B4E0FE5F9D30299882BED797929DBE9A279E54BE9D5FC"
"zhuanli/最终版111/WORD转XML编辑器五书模板文件/100002/100002_12.jpg","3991","2026-07-11T13:11:57.6443770Z","DB4DFE8B2CE5FED96FC3819EEB9A8CE09550BFBED27D0C38630FB8F39342CA0A"
"zhuanli/最终版111/WORD转XML编辑器五书模板文件/100002/100002_13.jpg","1819","2026-07-11T13:11:58.3953944Z","54EFACF03FF26272626A5B78E0C15C6C3EDD1C173636F653E521BF8F709FCC56"
"zhuanli/最终版111/WORD转XML编辑器五书模板文件/100002/100002_14.jpg","1915","2026-07-11T13:11:59.1221645Z","3FB33A97B037224707242466910DA94878B8E0E695582E426CDACA3F7CDE019F"
"zhuanli/最终版111/WORD转XML编辑器五书模板文件/100002/100002_15.jpg","18430","2026-07-11T13:11:59.7990825Z","9A64CC6A4BCDD66157B8DABA9E25FD5072EB8A692B0508BB52B9E93E8C6F21A5"
"zhuanli/最终版111/WORD转XML编辑器五书模板文件/100002/100002_16.jpg","3991","2026-07-11T13:12:00.2956904Z","DB4DFE8B2CE5FED96FC3819EEB9A8CE09550BFBED27D0C38630FB8F39342CA0A"
"zhuanli/最终版111/WORD转XML编辑器五书模板文件/100002/100002_17.jpg","2054","2026-07-11T13:12:00.7832543Z","EE3C8EF80B519C86B0A5877C292EA7441E08690180DE5C41B92902AA8D7151E1"
"zhuanli/最终版111/WORD转XML编辑器五书模板文件/100002/100002_18.jpg","2180","2026-07-11T13:12:01.3994017Z","4B644466269E72BC20C93BFEAC4066748C20081DDD2C7CCE294DA1F1D6FC9E11"
"zhuanli/最终版111/WORD转XML编辑器五书模板文件/100002/100002_19.jpg","2257","2026-07-11T13:12:01.9662111Z","5EDD28F49D103F435B9DD8A830B091075BC021E0EED1CC5001205E5F18109521"
"zhuanli/最终版111/WORD转XML编辑器五书模板文件/100002/100002_2.jpg","17734","2026-07-11T13:11:51.4557884Z","41C5E3EA2AF2CB933DAB88D58C636B5D4379DD64C699D2EE33DB66BC48415940"
"zhuanli/最终版111/WORD转XML编辑器五书模板文件/100002/100002_20.jpg","2392","2026-07-11T13:12:02.5453602Z","03D3F0EEE8ACE06F3FDBFEBAFE025CD4A6E3F61F6AD143AEB3CDC6C851B6B831"
"zhuanli/最终版111/WORD转XML编辑器五书模板文件/100002/100002_21.jpg","2234","2026-07-11T13:12:03.0189904Z","8CA900F41FD344E241FEDB52ECF7C610445AEC7B38C148D764B8BED294EC5B05"
"zhuanli/最终版111/WORD转XML编辑器五书模板文件/100002/100002_22.jpg","2406","2026-07-11T13:12:03.6415128Z","F02F2972544171DB37EB4C451A2F21A9CF0FFA86EDCDB8E5C95F90C696E31C0D"
"zhuanli/最终版111/WORD转XML编辑器五书模板文件/100002/100002_23.jpg","2351","2026-07-11T13:12:04.1811801Z","E0BF059452B2BE68074BA1D165CE56310326D97C10E97D1510AF186D07CC457B"
"zhuanli/最终版111/WORD转XML编辑器五书模板文件/100002/100002_24.jpg","2515","2026-07-11T13:12:04.7955341Z","27857807359E932BDC9CF70B0F6130BCDFD4909649EE10BA1BD0E10969E43FC7"
"zhuanli/最终版111/WORD转XML编辑器五书模板文件/100002/100002_25.jpg","1178","2026-07-11T13:12:05.2639658Z","7F43D280C5346B59EBB89058053F4D1030CA8EE41A92D3A844BE39777BC227BD"
"zhuanli/最终版111/WORD转XML编辑器五书模板文件/100002/100002_26.jpg","1457","2026-07-11T13:12:05.9525739Z","9AF78A2D55296B42E8330BB876BF88E649B746E43083F4E680540ED9DF379E30"
"zhuanli/最终版111/WORD转XML编辑器五书模板文件/100002/100002_27.jpg","1187","2026-07-11T13:12:06.6008015Z","1BF7DD756CC68396676A3888AA14A3EAE4384F5448E026F350F9ADFCD8C5F083"
"zhuanli/最终版111/WORD转XML编辑器五书模板文件/100002/100002_28.jpg","1393","2026-07-11T13:12:07.1467976Z","EAD3E7219899E0F495F095FC77C0B3B92048AF7CD5F08CA522331236464AADCE"
"zhuanli/最终版111/WORD转XML编辑器五书模板文件/100002/100002_29.jpg","1993","2026-07-11T13:12:07.7814370Z","A88CFCE94768BD68F747FD6F2B87BB4050FE8BEA9847BEC734B36FF5A0AB763F"
"zhuanli/最终版111/WORD转XML编辑器五书模板文件/100002/100002_3.jpg","1885","2026-07-11T13:11:52.0032106Z","B8427C968C88B817C7D748ADB5AB920CBCDE55E0210316346D17D22663050D36"
"zhuanli/最终版111/WORD转XML编辑器五书模板文件/100002/100002_30.jpg","1934","2026-07-11T13:12:08.3178550Z","C6B0E6CF4594B314E05A8C5CEA0C6EBFC44335F7EB0BE21CAD12112070C93ABF"
"zhuanli/最终版111/WORD转XML编辑器五书模板文件/100002/100002_31.jpg","3813","2026-07-11T13:12:09.0651246Z","729C966C36973C0691BF5462DEC3BF1E0514F1C54106D3E5948994B58E5E6F07"
"zhuanli/最终版111/WORD转XML编辑器五书模板文件/100002/100002_4.jpg","2344","2026-07-11T13:11:52.6344222Z","9D66F94FA3F363E672645D5E7B301A64978681A21E3BB810830C42BBB3DC1434"
"zhuanli/最终版111/WORD转XML编辑器五书模板文件/100002/100002_5.jpg","1581","2026-07-11T13:11:53.1743603Z","0D9BE2DFD5C799A810446D4E91E60DE5A8E62C9FCB1A0B1E6316835A2E598B0A"
"zhuanli/最终版111/WORD转XML编辑器五书模板文件/100002/100002_6.jpg","2308","2026-07-11T13:11:53.8437828Z","A6092FC734C6A968F897AA8C8A9490526C7339CD53CC9F949C499A5BB2338E36"
"zhuanli/最终版111/WORD转XML编辑器五书模板文件/100002/100002_7.jpg","1581","2026-07-11T13:11:54.3716411Z","0D9BE2DFD5C799A810446D4E91E60DE5A8E62C9FCB1A0B1E6316835A2E598B0A"
"zhuanli/最终版111/WORD转XML编辑器五书模板文件/100002/100002_8.jpg","5431","2026-07-11T13:11:55.0292983Z","2D89C7C0608BD3787877140327A117E6356423BBA90C385076BC9D3CBC08EBDC"
"zhuanli/最终版111/WORD转XML编辑器五书模板文件/100002/100002_9.jpg","9723","2026-07-11T13:11:55.6125211Z","2B030A71FC7362A36FA6EB7B8317E07FBAB20B7D16033DDC59866F6B086DBFF2"
"zhuanli/最终版111/WORD转XML编辑器五书模板文件/100003/100003.xml","1224","2026-07-11T13:12:09.7763834Z","ACDCE90ACB5901EF33C8BF40AAA799A637A810A3F488DF74EABA78E405617919"
"zhuanli/最终版111/WORD转XML编辑器五书模板文件/100003/100003_1.jpg","206326","2026-07-11T13:12:09.6084359Z","C5BEC95C5947B7F25786E510D41430D0CD99422EC2989883BC6A04D73D433016"
"zhuanli/最终版111/WORD转XML编辑器五书模板文件/100003/100003_2.jpg","249730","2026-07-11T13:12:09.6494275Z","66A63E3762ED84CB4FCF9BD5A2B450F9795956FC90ED2F09CA8D17F4D92219FA"
"zhuanli/最终版111/WORD转XML编辑器五书模板文件/100003/100003_3.jpg","235573","2026-07-11T13:12:09.6880919Z","6F034F1884654BA980AED9F1B3F4176205CA85A5865372481914F90D2FBC6DA9"
"zhuanli/最终版111/WORD转XML编辑器五书模板文件/100003/100003_4.jpg","233621","2026-07-11T13:12:09.7328008Z","162516FA41EA0FF11411A769E11F6AE8F576A7E1DCFB30F6D34266DA4E09DCA6"
"zhuanli/最终版111/WORD转XML编辑器五书模板文件/100003/100003_5.jpg","250210","2026-07-11T13:12:09.7718739Z","0944A75D866A573DDB13F5A60D1C699D1CF312541A1311D7803CA9195F20C6A6"
"zhuanli/最终版111/WORD转XML编辑器五书模板文件/100004/100004.xml","1110","2026-07-11T13:11:44.6233390Z","BB832980A086DBCB95F6A85A57CE79A0969D58AC6A2E93E2DEF3C02FFDA10432"
"zhuanli/最终版111/最终版/bak权利要求书.docx","46347","2026-04-27T11:18:11.0129211Z","6F51A5ACC88E30B139CE267C825E8B314C5F1437CC2331ECB89C67A0450F4B68"
"zhuanli/最终版111/最终版/bak说明书.docx","61236","2026-04-27T11:21:00.9339844Z","E362CF69E0CAA86F2BA2C0CCDC4433B836B6D1B828EBC31512152CF1F0061DB2"
"zhuanli/最终版111/最终版/bak说明书附图.docx","2600856","2026-04-27T11:01:38.2384407Z","1F0A38D4EA68A3507C271993BBBBCEFD7D114657B7AEBA40606F596053448072"
"zhuanli/最终版111/最终版/bak说明书摘要.docx","29987","2026-04-27T11:17:41.9102339Z","10B1E0D8DB59962BD7B79C48AD837BC6F9B9752D889DFD235ECEECA5BC30D006"
"zhuanli/最终版111/最终版/权利要求书.docx","46672","2026-07-11T12:14:23.8454643Z","D2039A0B8C0794DB52352B82BDEB69EE0D7ED3790264898761BC2D3285DF36B2"
"zhuanli/最终版111/最终版/权利要求书.pdf","148729","2026-04-27T11:21:20.3387821Z","B2C00229DB2AFA2D92B6D8BC513F0F312F8909EF18BAF690FF3BBF3191C8B521"
"zhuanli/最终版111/最终版/权利要求书.zip","16521","2026-07-11T12:19:54.3513941Z","EFCFEB4A442FB6604BC71DA3DC349B12FC844871E9C5113416BECF1CAC4C4C41"
"zhuanli/最终版111/最终版/权利要求书/100001/100001.xml","7357","2026-07-11T12:14:29.6186504Z","433AB94CE50743D065E05C175E24867D868465BF18592DB1608F9DB6CA7EEA4D"
"zhuanli/最终版111/最终版/权利要求书/100001/100001_1.jpg","2234","2026-07-11T12:14:25.0196343Z","8CA900F41FD344E241FEDB52ECF7C610445AEC7B38C148D764B8BED294EC5B05"
"zhuanli/最终版111/最终版/权利要求书/100001/100001_2.jpg","2406","2026-07-11T12:14:25.6199898Z","F02F2972544171DB37EB4C451A2F21A9CF0FFA86EDCDB8E5C95F90C696E31C0D"
"zhuanli/最终版111/最终版/权利要求书/100001/100001_3.jpg","2351","2026-07-11T12:14:26.3742411Z","E0BF059452B2BE68074BA1D165CE56310326D97C10E97D1510AF186D07CC457B"
"zhuanli/最终版111/最终版/权利要求书/100001/100001_4.jpg","2515","2026-07-11T12:14:27.1185353Z","27857807359E932BDC9CF70B0F6130BCDFD4909649EE10BA1BD0E10969E43FC7"
"zhuanli/最终版111/最终版/权利要求书/100001/100001_5.jpg","1178","2026-07-11T12:14:27.7435630Z","7F43D280C5346B59EBB89058053F4D1030CA8EE41A92D3A844BE39777BC227BD"
"zhuanli/最终版111/最终版/权利要求书/100001/100001_6.jpg","1457","2026-07-11T12:14:28.3653909Z","9AF78A2D55296B42E8330BB876BF88E649B746E43083F4E680540ED9DF379E30"
"zhuanli/最终版111/最终版/权利要求书/100001/100001_7.jpg","1187","2026-07-11T12:14:28.9732677Z","1BF7DD756CC68396676A3888AA14A3EAE4384F5448E026F350F9ADFCD8C5F083"
"zhuanli/最终版111/最终版/权利要求书/100001/100001_8.jpg","1393","2026-07-11T12:14:29.6030644Z","EAD3E7219899E0F495F095FC77C0B3B92048AF7CD5F08CA522331236464AADCE"
"zhuanli/最终版111/最终版/说明书.docx","62811","2026-07-11T12:20:55.3525317Z","0259F5B9BE57ABF8FEED63A66751920F389EAAD2BF0F200118D97445C5DC47FB"
"zhuanli/最终版111/最终版/说明书.pdf","279304","2026-04-27T11:21:19.4881331Z","04730D8311D8D6BC7CF353CF7A000F1EBB0BCF3831673B3907CBED92A54DB926"
"zhuanli/最终版111/最终版/说明书.zip","133638","2026-07-11T12:21:33.9982890Z","E9DCF6E9FF3594A622E2E7F2EF254F45FAA6D4254B4DD2ADD86514666343C308"
"zhuanli/最终版111/最终版/说明书/100002/100002.xml","35739","2026-07-11T12:21:17.1241902Z","0D0E82BA463A3AF17D39B8AA0AD4E3FCC0D97D4B9FAFAAA0940368F36579EB68"
"zhuanli/最终版111/最终版/说明书/100002/100002_1.jpg","22028","2026-07-11T12:20:56.5641129Z","69C0E2C48EF1BF9998088B43867E2A643036139565A17CE10A06AFE7A9F3BBC6"
"zhuanli/最终版111/最终版/说明书/100002/100002_10.jpg","1334","2026-07-11T12:21:02.8638353Z","DB0398E9FCB84381CCF362129D5D54A0EFF2085D2BE6BAC966F4B74C8E6BCB5F"
"zhuanli/最终版111/最终版/说明书/100002/100002_11.jpg","2832","2026-07-11T12:21:03.6440425Z","D4E58DD42F122FFA395B4E0FE5F9D30299882BED797929DBE9A279E54BE9D5FC"
"zhuanli/最终版111/最终版/说明书/100002/100002_12.jpg","3991","2026-07-11T12:21:04.2624465Z","DB4DFE8B2CE5FED96FC3819EEB9A8CE09550BFBED27D0C38630FB8F39342CA0A"
"zhuanli/最终版111/最终版/说明书/100002/100002_13.jpg","1819","2026-07-11T12:21:05.0289306Z","54EFACF03FF26272626A5B78E0C15C6C3EDD1C173636F653E521BF8F709FCC56"
"zhuanli/最终版111/最终版/说明书/100002/100002_14.jpg","1915","2026-07-11T12:21:05.6440893Z","3FB33A97B037224707242466910DA94878B8E0E695582E426CDACA3F7CDE019F"
"zhuanli/最终版111/最终版/说明书/100002/100002_15.jpg","18400","2026-07-11T12:21:06.3378299Z","7412E814417664D5E610799D6293446DF1D16AACB3B4BB638290FF2A2729E2F6"
"zhuanli/最终版111/最终版/说明书/100002/100002_16.jpg","3991","2026-07-11T12:21:07.1268157Z","DB4DFE8B2CE5FED96FC3819EEB9A8CE09550BFBED27D0C38630FB8F39342CA0A"
"zhuanli/最终版111/最终版/说明书/100002/100002_17.jpg","2054","2026-07-11T12:21:07.8077034Z","EE3C8EF80B519C86B0A5877C292EA7441E08690180DE5C41B92902AA8D7151E1"
"zhuanli/最终版111/最终版/说明书/100002/100002_18.jpg","2180","2026-07-11T12:21:08.4803568Z","4B644466269E72BC20C93BFEAC4066748C20081DDD2C7CCE294DA1F1D6FC9E11"
"zhuanli/最终版111/最终版/说明书/100002/100002_19.jpg","2257","2026-07-11T12:21:09.1058130Z","5EDD28F49D103F435B9DD8A830B091075BC021E0EED1CC5001205E5F18109521"
"zhuanli/最终版111/最终版/说明书/100002/100002_2.jpg","17210","2026-07-11T12:20:57.3690400Z","1035A6C26BA5F5D774D412E9723A02AE1FF1C73620687D0ED53CEEBB4FC28885"
"zhuanli/最终版111/最终版/说明书/100002/100002_20.jpg","2392","2026-07-11T12:21:09.8655218Z","03D3F0EEE8ACE06F3FDBFEBAFE025CD4A6E3F61F6AD143AEB3CDC6C851B6B831"
"zhuanli/最终版111/最终版/说明书/100002/100002_21.jpg","2234","2026-07-11T12:21:10.5004919Z","8CA900F41FD344E241FEDB52ECF7C610445AEC7B38C148D764B8BED294EC5B05"
"zhuanli/最终版111/最终版/说明书/100002/100002_22.jpg","2406","2026-07-11T12:21:11.1216733Z","F02F2972544171DB37EB4C451A2F21A9CF0FFA86EDCDB8E5C95F90C696E31C0D"
"zhuanli/最终版111/最终版/说明书/100002/100002_23.jpg","2351","2026-07-11T12:21:11.7638301Z","E0BF059452B2BE68074BA1D165CE56310326D97C10E97D1510AF186D07CC457B"
"zhuanli/最终版111/最终版/说明书/100002/100002_24.jpg","2515","2026-07-11T12:21:12.4041624Z","27857807359E932BDC9CF70B0F6130BCDFD4909649EE10BA1BD0E10969E43FC7"
"zhuanli/最终版111/最终版/说明书/100002/100002_25.jpg","1178","2026-07-11T12:21:13.0481067Z","7F43D280C5346B59EBB89058053F4D1030CA8EE41A92D3A844BE39777BC227BD"
"zhuanli/最终版111/最终版/说明书/100002/100002_26.jpg","1457","2026-07-11T12:21:13.8007517Z","9AF78A2D55296B42E8330BB876BF88E649B746E43083F4E680540ED9DF379E30"
"zhuanli/最终版111/最终版/说明书/100002/100002_27.jpg","1187","2026-07-11T12:21:14.5590062Z","1BF7DD756CC68396676A3888AA14A3EAE4384F5448E026F350F9ADFCD8C5F083"
"zhuanli/最终版111/最终版/说明书/100002/100002_28.jpg","1393","2026-07-11T12:21:15.1873743Z","EAD3E7219899E0F495F095FC77C0B3B92048AF7CD5F08CA522331236464AADCE"
"zhuanli/最终版111/最终版/说明书/100002/100002_29.jpg","1993","2026-07-11T12:21:15.8260300Z","A88CFCE94768BD68F747FD6F2B87BB4050FE8BEA9847BEC734B36FF5A0AB763F"
"zhuanli/最终版111/最终版/说明书/100002/100002_3.jpg","1885","2026-07-11T12:20:58.1373540Z","B8427C968C88B817C7D748ADB5AB920CBCDE55E0210316346D17D22663050D36"
"zhuanli/最终版111/最终版/说明书/100002/100002_30.jpg","1934","2026-07-11T12:21:16.4540741Z","C6B0E6CF4594B314E05A8C5CEA0C6EBFC44335F7EB0BE21CAD12112070C93ABF"
"zhuanli/最终版111/最终版/说明书/100002/100002_31.jpg","3813","2026-07-11T12:21:17.1039369Z","729C966C36973C0691BF5462DEC3BF1E0514F1C54106D3E5948994B58E5E6F07"
"zhuanli/最终版111/最终版/说明书/100002/100002_4.jpg","2344","2026-07-11T12:20:58.7516539Z","9D66F94FA3F363E672645D5E7B301A64978681A21E3BB810830C42BBB3DC1434"
"zhuanli/最终版111/最终版/说明书/100002/100002_5.jpg","1581","2026-07-11T12:20:59.3674384Z","0D9BE2DFD5C799A810446D4E91E60DE5A8E62C9FCB1A0B1E6316835A2E598B0A"
"zhuanli/最终版111/最终版/说明书/100002/100002_6.jpg","2308","2026-07-11T12:21:00.0193777Z","A6092FC734C6A968F897AA8C8A9490526C7339CD53CC9F949C499A5BB2338E36"
"zhuanli/最终版111/最终版/说明书/100002/100002_7.jpg","1581","2026-07-11T12:21:00.7741464Z","0D9BE2DFD5C799A810446D4E91E60DE5A8E62C9FCB1A0B1E6316835A2E598B0A"
"zhuanli/最终版111/最终版/说明书/100002/100002_8.jpg","5431","2026-07-11T12:21:01.5377580Z","2D89C7C0608BD3787877140327A117E6356423BBA90C385076BC9D3CBC08EBDC"
"zhuanli/最终版111/最终版/说明书/100002/100002_9.jpg","9723","2026-07-11T12:21:02.1878189Z","2B030A71FC7362A36FA6EB7B8317E07FBAB20B7D16033DDC59866F6B086DBFF2"
"zhuanli/最终版111/最终版/说明书附图.docx","2603229","2026-07-11T13:13:05.7931620Z","5E2B0761C6C9EC2914B631FE8075785FB513DC9373B71F4B8A1606C2AA908C19"
"zhuanli/最终版111/最终版/说明书附图.pdf","1164816","2026-04-27T11:21:21.7805218Z","8F709A54ED443B0AC1D9929B8637049CC3DD98377A089B3B910CCF3A05381866"
"zhuanli/最终版111/最终版/说明书附图.zip","1250542","2026-07-11T13:13:16.9934960Z","C842CA39DBCC55DB99D6D12C49C5F5AE2C8CA6F6472BB297BB4892EB2EC557E3"
"zhuanli/最终版111/最终版/说明书附图/100003/100003.xml","1342","2026-07-11T13:13:08.4993801Z","65225EFAC264EA8957CFC8EB440BA61E42A38CDF07C90EE6F6DC124F68D977BD"
"zhuanli/最终版111/最终版/说明书附图/100003/100003_1.jpg","252689","2026-07-11T13:13:08.2850736Z","C2F69EE49A3BD095615082D73B83BD6414FF8E288AB60A327538B7B0B016F204"
"zhuanli/最终版111/最终版/说明书附图/100003/100003_2.jpg","300886","2026-07-11T13:13:08.3325172Z","41F2DD2141712F1E34FB0434C77CC9E9CFD4D1FE0B607209CC3D702A276C89F5"
"zhuanli/最终版111/最终版/说明书附图/100003/100003_3.jpg","274943","2026-07-11T13:13:08.3773484Z","DC9F4135BD6ED952BDD2DF3150155DD58EF545A5133DD4306C06AC722C20C5F2"
"zhuanli/最终版111/最终版/说明书附图/100003/100003_4.jpg","283773","2026-07-11T13:13:08.4263178Z","B3A81355ECCA7CFDBAED40C6A74C5D6D0ABBAEA7CCB641701B0F795B24187074"
"zhuanli/最终版111/最终版/说明书附图/100003/100003_5.jpg","311572","2026-07-11T13:13:08.4741894Z","0A518C1C6ACA6A84CA168883B3F0F01F6BEE75ABF1554C7B3583435A83BB03F8"
"zhuanli/最终版111/最终版/说明书摘要.docx","33123","2026-07-11T12:22:05.1023155Z","D292C7EF930301F5727F73670F4B4E1B035F0EEAFAC3EF03CBA496E9F247DE68"
"zhuanli/最终版111/最终版/说明书摘要.pdf","88369","2026-04-27T11:21:20.8397305Z","56F621708F6C974DEC65BD5A68DA52D261C83F0C5862494AF25A6EA373A9E1EE"
"zhuanli/最终版111/最终版/说明书摘要.zip","858","2026-07-11T12:22:10.3316388Z","154CDBD26AEE1792332899ECF17E2F2F85916E6CE9C75797E3AD9F0046341060"
"zhuanli/最终版111/最终版/说明书摘要/100004/100004.xml","1110","2026-07-11T12:22:05.4883268Z","BB832980A086DBCB95F6A85A57CE79A0969D58AC6A2E93E2DEF3C02FFDA10432"
"zhuanli/最终版111/最终版/杨君鹏专利申请表.docx","21358","2026-04-28T13:42:26.5682801Z","426063D55D7347132172A77602A84B41B28DDFD9A93294D9A4C31138CACD8AF5"
"zhuanli/最终版111/最终版/杨君鹏专利申请表.pdf","144905","2026-04-28T13:43:42.5477516Z","83A5D212F7FB65FA9DE2B6D58CE2E62DBD813072C2AE3928F2276775E9ADD828"
"zhuanli/最终版111/最终版/专利申请表.docx","20067","2026-04-27T11:39:02.6741970Z","400F349CAED64B9D7387E0215C0BA7895A5BD52188AA23D76E093E4BF2CE82F4"
